Plataforma,IP,Hostname,Ciudad,Modelo,EoL Status,ios,Version
Fija,10.10.66.8,A1KBUENAVENTURACENTRO,BUENAVENTURA.,ASR1006,No Yet Cataloged,XE,asr1000rp2-advipservicesk9.03.16.02.S.155-3.S2-ext
Fija,10.10.66.3,A1KCUCUTA,CUCUTA,ASR1006,No Yet Cataloged,XE,asr1000rp2-advipservicesk9.03.10.04.S.153-3.S4-ext
Fija,10.10.66.31,A1KDORADO,BOGOTA,ASR1006,Vigente,XE,asr1000rp2-advipservicesk9.03.10.04.S.153-3.S4-ext
Fija,10.10.66.197,A1KMONTERIA,MONTERIA.,ASR1006,No Yet Cataloged,XE,asr1000rp2-advipservicesk9.03.10.04.S.153-3.S4-ext
Fija,10.10.66.5,A1KSANTAMARTA,SANTAMARTA.,ASR1006,No Yet Cataloged,XE,asr1000rp2-advipservicesk9.03.10.04.S.153-3.S4-ext
Fija,10.10.66.42,A1KSINCELEJO,SINCELEJO,ASR1006,No Yet Cataloged,XE,asr1000rp2-advipservicesk9.03.10.04.S.153-3.S4-ext
Fija,10.10.66.2,A1KVILLAVICENCIO,VILLAVICENCIO.,ASR1006,No Yet Cataloged,XE,asr1000rp2-advipservicesk9.03.10.04.S.153-3.S4-ext
Fija,10.10.66.166,A9KBOSTON,CARTAGENA,ASR9K,No Yet Cataloged,XR,5.3.3
Fija,10.10.66.167,A9KBQWTC,BARRANQUILLA,ASR9K,No Yet Cataloged,XR,5.3.4
Fija,10.10.66.236,A9KBUCARAMANGA,BUCARAMANGA,ASR9K,No Yet Cataloged,XR,5.3.4
Fija,10.10.66.1,A9KCENTRO,BOGOTA,ASR9K,EoS,XR,5.3.4
Fija,10.10.66.9,A9KCFINANCIERO,BOGOTA,ASR9K,EoS,XR,5.3.4
Fija,10.10.66.170,A9KDOSQUEBRADAS,PEREIRA,ASR9K,No Yet Cataloged,XR,5.3.4
Fija,10.10.66.73,A9KESPACIOSUR,MEDELLIN,ASR9K,No Yet Cataloged,XR,5.3.4
Fija,172.31.15.190,A9KGESTTELSUBA1,BOGOTA,ASR9K,Vigente,XR,5.3.4
Fija,10.10.66.72,A9KMASTER100,BOGOTA,ASR9K,Vigente,XR,5.3.4
Fija,10.10.66.57,A9KNEIVACENTRO,Not Info Yet,ASR9K,No Yet Cataloged,XR,6.6.3
Fija,10.10.66.252,A9KORTEZAL,BOGOTA,ASR9K,EoS,XR,5.3.4
Fija,10.10.66.183,A9KPASTO,PASTO.,ASR9K,No Yet Cataloged,XR,5.3.3
Fija,10.10.66.51,A9KPOPAYAN,CALI,ASR9K,No Yet Cataloged,XR,5.3.4
Fija,10.10.66.74,A9KSANDIEGO,MEDELLIN,ASR9K,No Yet Cataloged,XR,6.3.3
Fija,10.10.66.68,A9KSOACHA,BOGOTA,ASR9K,EoS,XR,5.3.3
Fija,10.10.66.6,A9KTOBERIN,BOGOTA,ASR9K,Vigente,XR,6.2.2
Fija,10.10.66.66,A9KTRIARA1,BOGOTA,ASR9K,EoS,XR,5.3.4
Fija,10.10.66.67,A9KTRIARA2,BOGOTA,ASR9K,EoS,XR,5.3.3
Fija,10.10.66.229,A9KVALLEDUPAR,VALLEDUPAR.,ASR9K,No Yet Cataloged,XR,5.3.4
Fija,172.22.32.252,BACKEND-ORTEZAL,Not Info Yet,7206VXR (NPE-G2),No Yet Cataloged,IOS,c7200p-spservicesk9-mz.122-33.SRC4
Fija,10.10.66.227,BOSQUE,CARTAGENA,ASR1006,No Yet Cataloged,XE,asr1000rp2-advipservicesk9.03.10.04.S.153-3.S4-ext
Fija,10.10.66.224,bquilla2,Not Info Yet,7206VXR (NPE-G2),No Yet Cataloged,IOS,c7200p-spservicesk9-mz.122-33.SRE5
Fija,10.10.66.228,BQWTC,BARRANQUILLA,7206VXR (NPE-G2),No Yet Cataloged,IOS,c7200p-spservicesk9-mz.122-33.SRE5
Fija,10.10.66.234,bucaramangap,BUCARAMANGA,7206VXR (NPE-G2),No Yet Cataloged,IOS,c7200p-spservicesk9-mz.122-33.SRE5
Fija,10.10.66.20,CBOSQUE,CARTAGENA,CRS-8/S,No Yet Cataloged,XR,4.3.2
Fija,10.10.66.21,CBOSTON,CARTAGENA,CRS-8/S-B,No Yet Cataloged,XR,4.3.2
Fija,10.10.66.25,CCALINORTE,CALI,CRS-8/S-B,No Yet Cataloged,XR,4.3.2
Fija,10.10.66.23,CESPACIOSUR,MEDELLIN,CRS-8/S-B,No Yet Cataloged,XR,4.3.2
Fija,10.10.66.137,CFINANCIERO,Not Info Yet,7206VXR (NPE-G2),EoS,IOS,c7200p-spservicesk9-mz.122-33.SRE5
Fija,10.10.66.24,CFLORA,CALI,CRS-8/S-B,No Yet Cataloged,XR,4.3.2
Fija,172.30.96.195,CGC_BOSQUE2_CGN,Not Info Yet,WS-C2960-24TC-L,No Yet Cataloged,IOS,c2960-lanbasek9-mz.122-55.SE7/c2960-lanbasek9-mz.122-55.SE7
Fija,172.30.97.72,CGC_MARBELLA1_CAR,Not Info Yet,WS-C2960-24PC-S,No Yet Cataloged,IOS,c2960-lanlitek9-mz.122-55.SE5/c2960-lanlitek9-mz.122-55.SE5
Fija,172.30.105.67,CGC_NEIVACENTRO1_NEI,Not Info Yet,WS-C2960-24TC-L,No Yet Cataloged,IOS,c2960-lanbasek9-mz.122-55.SE7/c2960-lanbasek9-mz.122-55.SE7
Fija,172.30.15.74,CGC_OPAIN1_BOG,Not Info Yet,WS-C2960-24TT-L,No Yet Cataloged,IOS,c2960-lanbasek9-mz.122-50.SE5/c2960-lanbasek9-mz.122-50.SE5
Fija,172.30.5.5,CGCARANDA2BOG,Not Info Yet,WS-C2960-24PC-L,No Yet Cataloged,IOS,c2960-lanbasek9-mz.122-55.SE5/c2960-lanbasek9-mz.122-55.SE5
Fija,172.30.44.194,CGCCENTROFINANCIERO2,Not Info Yet,WS-C2960-24TT-L,No Yet Cataloged,IOS,c2960-lanbasek9-mz.122-55.SE8/c2960-lanbasek9-mz.122-55.SE8
Fija,172.30.14.83,CGCCHIA2BOG,Not Info Yet,WS-C2960-24PC-L,No Yet Cataloged,IOS,c2960-lanbasek9-mz.122-50.SE5/c2960-lanbasek9-mz.122-50.SE5
Fija,172.30.82.199,CGCESPACIOSUR2MED,Not Info Yet,WS-C2960-24PC-L,No Yet Cataloged,IOS,c2960-lanbasek9-mz.122-55.SE5/c2960-lanbasek9-mz.122-55.SE5
Fija,172.30.107.62,CGCPASTO1,Not Info Yet,WS-C2960-24PC-L,No Yet Cataloged,IOS,c2960-lanbasek9-mz.122-50.SE5/c2960-lanbasek9-mz.122-50.SE5
Fija,172.30.97.14,CGCSALGAR,Not Info Yet,WS-C2960-24PC-S,No Yet Cataloged,IOS,c2960-lanlitek9-mz.122-55.SE5/c2960-lanlitek9-mz.122-55.SE5
Fija,10.10.66.173,CHICONORTE2,BOGOTA,ASR1006,EoS,XE,asr1000rp2-advipservicesk9.03.10.04.S.153-3.S4-ext
Fija,10.10.66.196,COLTABACO2,MEDELLIN,7206VXR (NPE-G2),No Yet Cataloged,IOS,c7200p-spservicesk9-mz.122-33.SRE5
Fija,10.10.66.33,CORTEZAL,BOGOTA,CRS-8/S,Vigente,XR,4.3.2
Fija,10.10.66.22,CSANDIEGO,MEDELLIN,CRS-8/S-B,No Yet Cataloged,XR,4.3.2
Fija,10.10.66.7,CTOBERIN,BOGOTA,CRS-8/S-B,Vigente,XR,4.3.2
Fija,172.22.32.189,DG30-MSC4,Not Info Yet,WS-C4948,No Yet Cataloged,IOS,cat4500-entservicesk9-mz.122-53.SG5
Fija,10.10.67.1,DORTEZAL,Not Info Yet, CISCO7606-S (M8500),No Yet Cataloged,IOS,c7600rsp72043-adventerprisek9-mz.151-3.S4
Fija,10.10.67.2,DORTEZAL2,Not Info Yet, CISCO7606-S (M8500),No Yet Cataloged,IOS,c7600rsp72043-adventerprisek9-mz.151-3.S4
Fija,10.10.67.3,DTRIARA-I,Not Info Yet, CISCO7606-S (M8500),No Yet Cataloged,IOS,c7600rsp72043-adventerprisek9-mz.151-3.S4
Fija,172.22.32.128,GISPORTEZAL,Not Info Yet,12406/PRP,No Yet Cataloged,IOS,c12kprp-k4p-mz.120-32.SY4
Fija,172.22.32.129,GISPTRIARA,Not Info Yet,12406/PRP,No Yet Cataloged,IOS,c12kprp-k4p-mz.120-32.SY4
Fija,172.30.117.197,HGCPEREIRACENTRO3PER,Not Info Yet,WS-C2960-24PC-L,No Yet Cataloged,IOS,c2960-lanbasek9-mz.122-55.SE5/c2960-lanbasek9-mz.122-55.SE5
Fija,10.10.66.4,HPSA,Not Info Yet,ASR9K,No Yet Cataloged,XR,5.3.4
Fija,10.10.67.141,ICBOSQUE,CARTAGENA,CRS-16/S-B,No Yet Cataloged,XR,5.3.4
Fija,10.10.67.139,ICBOSTON,CARTAGENA,CRS-16/S-B,No Yet Cataloged,XR,5.3.4
Fija,10.10.67.151,ICCALINORTE,CALI,CRS-8/S-B,No Yet Cataloged,XR,5.3.4
Fija,10.10.67.131,ICCHICONORTE,BOGOTA,CRS-8/S,Vigente,XR,4.2.4
Fija,10.10.67.145,ICFLORA,CALI,CRS-8/S-B,No Yet Cataloged,XR,5.3.4
Fija,10.10.67.150,ICTOBERIN,BOGOTA,CRS-16/S-B,Vigente,XR,5.3.4
Fija,10.10.67.137,IGCALICENTRO,CALI,12416/PRP,No Yet Cataloged,IOS,3.9.2
Fija,10.10.66.40,Interconexion2,BOGOTA,7206VXR (NPE-G2),EoS,IOS,c7200p-spservicesk9-mz.122-33.SRE5
Fija,10.10.66.38,interconexion3,BOGOTA,ASR1002,EoS,XE,asr1000rp1-advipservicesk9.03.04.05.S.151-3.S5
Fija,10.10.66.35,Internacional,Not Info Yet,7206VXR (NPE-G2),No Yet Cataloged,IOS,c7200p-spservicesk9-mz.122-33.SRE5
Fija,172.25.101.133,IPSLA_SINCELEJO,Not Info Yet,1721 (MPC860P),No Yet Cataloged,IOS,c1700-k9o3sy7-mz.123-8.T3
Fija,172.30.16.154,ISWCACHEBARRANQUILLA,BARRANQUILLA,WS-C4948E,No Yet Cataloged,IOS,cat4500e-lanbasek9-mz.122-54.SG1
Fija,172.30.16.138,ISWCACHEBOSQUE,CARTAGENA,WS-C4948E,No Yet Cataloged,IOS,cat4500e-lanbasek9-mz.122-54.SG1
Fija,172.30.16.146,ISWCACHECALI,CALI,WS-C4948E,No Yet Cataloged,IOS,cat4500e-lanbasek9-mz.122-54.SG1
Fija,172.30.16.158,ISWCACHECALINORTE,CALI,5672UP,No Yet Cataloged,NX-OS,n6000-uk9.7.0.1.N1.1
Fija,172.30.16.142,ISWCACHEESPACIOSUR,MEDELLIN,WS-C4948E,No Yet Cataloged,IOS,cat4500e-lanbasek9-mz.122-54.SG1
Fija,172.21.122.52,ISWCACHEMELENDEZ,CALI,WS-C4948E,No Yet Cataloged,IOS,cat4500e-lanbasek9-mz.122-54.SG1
Fija,172.30.105.94,ISWCACHENEIVACENTRO,NEIVA,5672UP,No Yet Cataloged,NX-OS,n6000-uk9.7.0.5.N1.1
Fija,172.30.16.134,ISWCACHEORTEZAL,BOGOTA,WS-C4948E,EoS,IOS,cat4500e-ipbasek9-mz.122-54.XO
Fija,172.21.122.49,ISWCACHEPALMIRA,CALI,5672UP,No Yet Cataloged,NX-OS,n6000-uk9.7.0.1.N1.1
Fija,172.26.100.211,ISWCACHEPEREIRA,PEREIRA,WS-C4948E,No Yet Cataloged,IOS,cat4500e-lanbasek9-mz.122-54.SG1
Fija,172.30.65.110,ISWCACHERAPIDOS,MEDELLIN,5672UP,No Yet Cataloged,NX-OS,n6000-uk9.7.0.1.N1.1
Fija,172.30.4.240,ISWCACHERESTREPO,BOGOTA,5672UP,EoL,NX-OS,n6000-uk9.7.0.5.N1.1
Fija,172.27.100.22,ISWCACHERICAURTE,BUCARAMANGA,5672UP,No Yet Cataloged,NX-OS,n6000-uk9.7.0.1.N1.1
Fija,172.30.16.130,ISWCACHETOBERIN,BOGOTA,WS-C4948E,EoS,IOS,cat4500e-lanbasek9-mz.122-54.SG1
Fija,172.28.110.13,ISWCACHEVILLAVICENCIO,VILLAVICENCIO.,5672UP,No Yet Cataloged,NX-OS,n6000-uk9.7.0.5.N1.1
Fija,10.13.13.2,malamos,BOGOTA,WS-C3750-48TS,Obsoleto,IOS,c3750-i9k91-mz.122-25.SE/c3750-i9k91-mz.122-25.SE
Fija,10.13.41.1,malmagran,MEDELLIN,WS-C4510R,No Yet Cataloged,IOS,cat4500-ipbasek9-mz.122-53.SG2
Fija,10.13.41.7,malmagran2,MEDELLIN,WS-C3750-48TS,No Yet Cataloged,IOS,c3750-advipservicesk9-mz.122-35.SE2
Fija,10.10.66.243,MANIZALES,Not Info Yet,7206VXR (NPE-G1) ,No Yet Cataloged,IOS,c7200-spservicesk9-mz.122-33.SRE5
Fija,10.13.17.1,maranda,BOGOTA,WS-C4510R,Obsoleto,IOS,cat4500-ipbasek9-mz.122-53.SG2
Fija,10.13.62.1,marmenia,ARMENIA,WS-C3750-48TS,No Yet Cataloged,IOS,c3750-advipservicesk9-mz.122-25.SED1
Fija,10.13.50.1,mbarranquilla,BARRANQUILLA,WS-C4510R,No Yet Cataloged,IOS,cat4500-ipbasek9-mz.122-53.SG2
Fija,10.13.50.3,mbarranquilla2,BARRANQUILLA,WS-C4507R,No Yet Cataloged,IOS,cat4500-ipbasek9-mz.122-53.SG2
Fija,10.13.42.5,MBELLO,MEDELLIN,WS-C3750-48TS,No Yet Cataloged,IOS,c3750-advipservicesk9-mz.122-25.SED1/c3750-advipservicesk9-mz.122-25.SED1
Fija,10.13.54.1,MBOSQUE,CARTAGENA,WS-C4507R,No Yet Cataloged,IOS,cat4500-ipbasek9-mz.150-2.SG9
Fija,10.13.50.2,MBQCENTRO,BARRANQUILLA,WS-C4510R+E,No Yet Cataloged,XE,cat4500es8-universalk9.SPA.03.08.06.E.152-4.E6
Fija,10.13.71.2,mbucaramanga2,BUCARAMANGA,WS-C3750G-48TS,No Yet Cataloged,IOS,c3750-advipservicesk9-mz.122-25.SED1
Fija,10.13.29.1,MBUENAVENTURA,BUENAVENTURA.,WS-C3750-48TS,No Yet Cataloged,IOS,c3750-advipservicesk9-mz.122-25.SED1/c3750-advipservicesk9-mz.122-25.SED1
Fija,10.13.29.2,mbuenaventuracentro,BUENAVENTURA.,WS-C3750-48TS,No Yet Cataloged,IOS,c3750-advipservicesk9-mz.122-25.SED1
Fija,10.13.14.2,mcabrera,BOGOTA,WS-C4507R,Obsoleto,IOS,cat4500-ipbasek9-mz.122-53.SG2
Fija,10.13.26.3,mcabrera2,BOGOTA,WS-C4510R,Obsoleto,IOS,cat4500-ipbasek9-mz.122-53.SG2
Fija,10.13.27.5,MCALICENTRO,CALI,WS-C4510R,No Yet Cataloged,IOS,cat4500-ipbasek9-mz.122-53.SG2
Fija,10.13.14.3,mcalle73,BOGOTA,WS-C3750-48TS,Obsoleto,IOS,c3750-advipservicesk9-mz.122-25.SED1/c3750-advipservicesk9-mz.122-25.SED1
Fija,10.13.14.1,mcalle94,BOGOTA,WS-C4507R,Obsoleto,IOS,cat4500-ipbasek9-mz.122-53.SG2
Fija,10.13.20.1,mcalle94-3 ,Not Info Yet,WS-C4948,Obsoleto,IOS,cat4000-i9k91s-mz.122-25.EWA8
Fija,10.13.12.10,MCALLEJA,BOGOTA,WS-C3750-48TS,Obsoleto,IOS,c3750-advipservicesk9-mz.122-25.SED1
Fija,10.13.12.5,mcedritos,BOGOTA,WS-C3750-48TS,Obsoleto,IOS,c3750-i9k91-mz.122-25.SE
Fija,10.13.15.6,mcentro,BOGOTA,WS-C4507R,Obsoleto,IOS,cat4500-ipbasek9-mz.122-53.SG2
Fija,10.13.15.7,mcentro2,BOGOTA,WS-C4510R,Obsoleto,IOS,cat4500-ipbasek9-mz.122-53.SG2
Fija,10.13.11.15,MCFINACIERO3,Not Info Yet,WS-C4510R,Obsoleto,IOS,cat4500-ipbasek9-mz.122-53.SG2
Fija,10.13.11.13,mcfinanciero,BOGOTA,WS-C4510R,Obsoleto,IOS,cat4500-ipbasek9-mz.122-53.SG2
Fija,10.13.14.12,mcfinanciero2,BOGOTA,WS-C4507R,Obsoleto,IOS,cat4500-ipbasek9-mz.122-53.SG2
Fija,10.13.11.10,mchapinero,BOGOTA,WS-C4510R,Obsoleto,IOS,cat4500-ipbasek9-mz.122-53.SG2
Fija,10.13.12.13,mchia,BOGOTA,WS-C4510R,Obsoleto,IOS,cat4500-ipbasek9-mz.122-53.SG2
Fija,10.13.20.6,mchico,BOGOTA,WS-C4510R,Obsoleto,IOS,cat4500-ipbasek9-mz.122-53.SG2
Fija,10.13.26.1,MCHICONORTE,BOGOTA,WS-C4510R,Obsoleto,IOS,cat4500-ipbasek9-mz.122-53.SG2
Fija,10.13.61.2,mcoliseo,MEDELLIN,WS-C4510R,No Yet Cataloged,IOS,cat4500-ipbasek9-mz.122-53.SG2
Fija,10.13.42.2,mcoltabaco,MEDELLIN,WS-C4507R,No Yet Cataloged,IOS,cat4500-ipbasek9-mz.122-53.SG2
Fija,10.13.72.1,MCUCUTA,CUCUTA,WS-C4510R-E,No Yet Cataloged,IOS,cat4500-ipbasek9-mz.122-53.SG2
Fija,10.13.71.1,mdann,Not Info Yet,WS-C4507R,No Yet Cataloged,IOS,cat4500-ipbasek9-mz.122-53.SG2
Fija,10.13.27.3,MDELICIAS,CALI,WS-C4510R,No Yet Cataloged,IOS,cat4500-ipbasek9-mz.122-53.SG2
Fija,10.13.13.1,mdorado,BOGOTA,WS-C4507R,Obsoleto,IOS,cat4500-ipbasek9-mz.122-53.SG2
Fija,10.13.16.1,mdorado2,BOGOTA,WS-C4507R,Obsoleto,IOS,cat4500-ipbasek9-mz.122-53.SG2
Fija,10.13.61.3,mdosquebradas,PEREIRA,WS-C4510R,No Yet Cataloged,IOS,cat4500-ipbasek9-mz.122-53.SG2
Fija,10.10.92.78,mduitama,DUITAMA,WS-C3750-48TS,No Yet Cataloged,IOS,c3750-advipservicesk9-mz.122-25.SED1
Fija,10.13.41.6,menvigado,MEDELLIN,WS-C4510R,No Yet Cataloged,IOS,cat4500-ipbasek9-mz.122-53.SG2
Fija,10.13.22.1,mermita,CALI,WS-C4507R,No Yet Cataloged,IOS,cat4500-ipbasek9-mz.122-53.SG2
Fija,10.13.22.2,mermita2,CALI,WS-C4507R,No Yet Cataloged,IOS,cat4500-ipbasek9-mz.122-53.SG2
Fija,10.13.23.1,mermita3,CALI,WS-C4510R,No Yet Cataloged,IOS,cat4500-ipbasek9-mz.122-53.SG2
Fija,10.13.13.4,mesmeralda,BOGOTA,WS-C3750-48TS,Obsoleto,IOS,c3750-i9k91-mz.122-25.SE/c3750-i9k91-mz.122-25.SE
Fija,10.13.27.2,MESTACION,CALI,WS-C4510R,No Yet Cataloged,IOS,cat4500-ipbasek9-mz.122-53.SG2
Fija,10.13.42.3,mestadio,MEDELLIN,WS-C4507R,No Yet Cataloged,IOS,cat4500-ipbasek9-mz.122-53.SG2
Fija,10.13.42.4,mestadio2,MEDELLIN,WS-C3750-48TS,No Yet Cataloged,IOS,c3750-advipservicesk9-mz.122-25.SED1
Fija,10.13.42.6,mestadio3,MEDELLIN,WS-C3750-48TS,No Yet Cataloged,IOS,c3750-i9k91-mz.122-25.SE/c3750-i9k91-mz.122-25.SE
Fija,10.13.13.3,mferias,BOGOTA,WS-C3750-48TS,Obsoleto,IOS,c3750-i9k91-mz.122-25.SE/c3750-i9k91-mz.122-25.SE
Fija,10.13.22.4,mflora,CALI,WS-C4507R,No Yet Cataloged,IOS,cat4500-ipbasek9-mz.122-53.SG2
Fija,10.13.23.2,mflora2,CALI,WS-C4507R,No Yet Cataloged,IOS,cat4500-ipbasek9-mz.122-53.SG2
Fija,10.13.22.5,MFLORA3,CALI,WS-C3750-48TS,No Yet Cataloged,IOS,c3750-i9k91-mz.122-25.SE/c3750-i9k91-mz.122-25.SE
Fija,10.13.17.7,MFONTIBONHOG,BOGOTA,WS-C3750-48TS,Obsoleto,IOS,c3750-advipservicesk9-mz.122-25.SED1
Fija,10.13.11.9,mgalerias,BOGOTA,WS-C4510R,Obsoleto,IOS,cat4500-ipbasek9-mz.122-53.SG2
Fija,10.10.91.130,mgirardot2,GIRARDOT,WS-C3750-48TS,No Yet Cataloged,IOS,c3750-advipservicesk9-mz.122-25.SED1
Fija,10.13.17.5,MGRANJAS,BOGOTA,WS-C4510R-E,Obsoleto,IOS,cat4500-ipbasek9-mz.122-53.SG2
Fija,10.13.21.4,MHOLGUINES2,CALI,WS-C4510R,No Yet Cataloged,IOS,cat4500-ipbasek9-mz.122-53.SG2
Fija,10.13.21.1,MHOLGUINES-4507,Not Info Yet,WS-C4507R,No Yet Cataloged,IOS,cat4500-ipbasek9-mz.122-53.SG2
Fija,10.13.81.1,MIBAGUE,IBAGUE.,WS-C3750-48TS,No Yet Cataloged,IOS,c3750-advipservicesk9-mz.122-25.SED1
Fija,10.13.81.5,mibague2,IBAGUE.,WS-C4507R-E,No Yet Cataloged,IOS,cat4500-ipbasek9-mz.122-53.SG2
Fija,10.13.81.2,MIBAGUECENTRO,IBAGUE.,WS-C4507R,No Yet Cataloged,IOS,cat4500-ipbasek9-mz.122-46.SG
Fija,10.13.20.2,mitec,BOGOTA,WS-C3750-48TS,Obsoleto,IOS,c3750-advipservicesk9-mz.122-35.SE2/c3750-advipservicesk9-mz.122-35.SE2
Fija,10.13.16.2,mkennedy,BOGOTA,WS-C4507R,Obsoleto,IOS,cat4500-ipbasek9-mz.122-53.SG2
Fija,10.13.60.1,MMANIZALES,MANIZALES.,WS-C3750-48TS,No Yet Cataloged,IOS,c3750-advipservicesk9-mz.122-25.SED1/c3750-advipservicesk9-mz.122-25.SED1
Fija,10.13.12.1,mmaster100,BOGOTA,WS-C4507R,Obsoleto,IOS,cat4500-ipbasek9-mz.122-53.SG2
Fija,10.13.12.14,mmaster100_2,Not Info Yet,WS-C3750-48TS,Obsoleto,IOS,c3750-i9k91-mz.122-25.SE/c3750-i9k91-mz.122-25.SE
Fija,10.10.92.74,MMONTERIA,MONTERIA.,WS-C4507R-E,No Yet Cataloged,IOS,cat4500-ipbasek9-mz.122-53.SG2
Fija,10.13.17.2,mortezal,BOGOTA,WS-C4507R,Obsoleto,IOS,cat4500-ipbasek9-mz.122-53.SG2
Fija,10.13.15.11,MPALOQUEMAO_4510,Not Info Yet,WS-C4510R,Obsoleto,IOS,cat4500-ipbasek9-mz.122-53.SG2
Fija,10.13.22.3,mpasarela,CALI,WS-C4507R,No Yet Cataloged,IOS,cat4500-ipbasek9-mz.122-53.SG2
Fija,10.13.23.3,MPASARELA2,CALI,WS-C4507R,No Yet Cataloged,IOS,cat4500-ipbasek9-mz.122-53.SG2
Fija,10.13.28.1,MPASTO,PASTO.,WS-C3750-48TS,No Yet Cataloged,IOS,c3750-advipservicesk9-mz.122-35.SE2/c3750-advipservicesk9-mz.122-35.SE2
Fija,10.13.15.2,mpcb,BOGOTA,WS-C4507R,Obsoleto,IOS,cat4500-ipbasek9-mz.122-53.SG2
Fija,10.13.61.1,mpereira,PEREIRA,WS-C3750-48TS,No Yet Cataloged,IOS,c3750-advipservicesk9-mz.122-25.SED1
Fija,10.13.61.4,MPEREIRACENTRO,PEREIRA,WS-C4510R,No Yet Cataloged,IOS,cat4500-ipbasek9-mz.122-53.SG2
Fija,10.13.21.2,mplazatoros,CALI,WS-C4507R,No Yet Cataloged,IOS,cat4500-ipbasek9-mz.122-53.SG2
Fija,10.13.21.5,mplazatoros2,CALI,WS-C4507R-E,No Yet Cataloged,IOS,cat4500-ipbasek9-mz.122-53.SG2
Fija,10.13.24.1,MPOPAYAN,CALI,WS-C3750-48TS,No Yet Cataloged,IOS,c3750-i9k91-mz.122-25.SE/c3750-i9k91-mz.122-25.SE
Fija,10.13.13.9,mquirigua,BOGOTA,WS-C3750-48TS,Obsoleto,IOS,c3750-i9k91-mz.122-25.SE/c3750-i9k91-mz.122-25.SE
Fija,10.13.15.5,MRESTREPO,BOGOTA,WS-C4510R,Obsoleto,IOS,cat4500-ipbasek9-mz.122-53.SG2
Fija,10.13.16.3,msanmateo,BOGOTA,WS-C3750-48TS,Obsoleto,IOS,c3750-advipservicesk9-mz.122-35.SE2/c3750-advipservicesk9-mz.122-35.SE2
Fija,10.13.53.1,MSANTAMARTA,SANTAMARTA.,WS-C3750-48TS,No Yet Cataloged,IOS,c3750-advipservicesk9-mz.122-25.SED1/c3750-advipservicesk9-mz.122-25.SED1
Fija,10.13.51.1,MSINCELEJO,SINCELEJO,WS-C3750-48TS,No Yet Cataloged,IOS,c3750-advipservicesk9-mz.122-25.SED1
Fija,10.10.92.82,msogamoso,SOGAMOSO,WS-C3750G-48PS,No Yet Cataloged,IOS,c3750-advipservicesk9-mz.122-25.SED1
Fija,10.13.12.9,msuba,BOGOTA,WS-C3750-48TS,Obsoleto,IOS,c3750-advipservicesk9-mz.122-25.SED1/c3750-advipservicesk9-mz.122-25.SED1
Fija,10.13.14.6,mteleport,BOGOTA,WS-C3750-48TS,Obsoleto,IOS,c3750-advipservicesk9-mz.122-25.SED1/c3750-advipservicesk9-mz.122-25.SED1
Fija,10.13.26.2,mteleport2,BOGOTA,WS-C4510R,Obsoleto,IOS,cat4500-ipbasek9-mz.122-53.SG2
Fija,10.13.15.1,mterraza,BOGOTA,WS-C4507R,Obsoleto,IOS,cat4500-ipbasek9-mz.122-53.SG2
Fija,10.13.11.5,mterraza2,BOGOTA,WS-C4948,Obsoleto,IOS,cat4000-I9K91S-M
Fija,10.13.11.4,mteusaquillo,BOGOTA,WS-C4507R,Obsoleto,IOS,cat4500-ipbasek9-mz.122-53.SG2
Fija,10.13.11.11,MTEUSAQUILLO2,BOGOTA,WS-C4948,Obsoleto,IOS,cat4000-i9k91s-mz.122-25.EWA12
Fija,10.13.12.12,mtoberin,BOGOTA,WS-C4510R,Obsoleto,IOS,cat4500-ipbasek9-mz.122-53.SG2
Fija,10.13.25.1,mtriara,BOGOTA,WS-C4507R,Obsoleto,IOS,cat4500-ipbasek9-mz.122-53.SG2
Fija,10.13.82.1,MTUNJA,TUNJA,WS-C3750-48TS,No Yet Cataloged,IOS,c3750-i9k91-mz.122-25.SE/c3750-i9k91-mz.122-25.SE
Fija,10.13.20.3,municentro,BOGOTA,WS-C3750-48TS,Obsoleto,IOS,c3750-i9k91-mz.122-25.SE/c3750-i9k91-mz.122-25.SE
Fija,10.168.74.14,MVALLEDUPAR,VALLEDUPAR.,WS-C3750-48TS,No Yet Cataloged,IOS,c3750-advipservicesk9-mz.122-25.SED1
Fija,10.13.16.4,mvenecia,BOGOTA,WS-C4507R,Obsoleto,IOS,cat4500-ipbasek9-mz.122-53.SG2
Fija,10.13.84.2,MVILLAVICENCIOCENTRO,VILLAVICENCIO.,WS-C4507R,No Yet Cataloged,IOS,cat4500-ipbasek9-mz.122-53.SG2
Fija,10.13.14.7,mwtc,BOGOTA,WS-C3750-48TS,Obsoleto,IOS,c3750-i9k91-mz.122-25.SE/c3750-i9k91-mz.122-25.SE
Fija,10.13.17.4,mzonafranca,BOGOTA,WS-C3750-48TS,Obsoleto,XE,c3750-i9k91-mz.122-25.SE/c3750-i9k91-mz.122-25.SE
Fija,172.30.31.206,N5KCACHEDATACENTERSUBA,BOGOTA,5672UP,EoL,NX-OS,n6000-uk9.7.0.1.N1.1
Fija,172.22.36.244,N5KCOREGESTION1BK4,Not Info Yet,5672UP,No Yet Cataloged,NX-OS,n6000-uk9.7.1.4.N1.1
Fija,172.22.36.245,N5KCOREGESTION2BK4,Not Info Yet,5672UP,No Yet Cataloged,NX-OS,n6000-uk9.7.1.4.N1.1
Fija,172.22.35.130,N5kOrtezalaval1,Not Info Yet,5548,No Yet Cataloged,NX-OS,n5000-uk9.7.1.4.N1.1
Fija,172.22.35.101,N5KORTEZALGESTION1,Not Info Yet,5548,No Yet Cataloged,NX-OS,n5000-uk9.7.1.4.N1.1
Fija,172.22.35.102,N5KORTEZALGESTION2,Not Info Yet,5548,No Yet Cataloged,NX-OS,n5000-uk9.7.1.4.N1.1
Fija,172.22.35.124,N5KORTEZALPcaaS1,Not Info Yet,5548,No Yet Cataloged,NX-OS,n5000-uk9.5.2.1.N1.7
Fija,172.22.35.125,N5KORTEZALPcaaS2,Not Info Yet,5548,No Yet Cataloged,NX-OS,n5000-uk9.5.2.1.N1.7
Fija,172.22.36.33,N5KTRIARA1,Not Info Yet,5596,No Yet Cataloged,NX-OS,n5000-uk9.5.2.1.N1.7
Fija,172.22.36.211,N5KTRIARA10BK4,Not Info Yet,5672UP,No Yet Cataloged,NX-OS,n6000-uk9.7.1.4.N1.1
Fija,172.22.36.200,N5KTRIARA1BK1,Not Info Yet,5548,No Yet Cataloged,NX-OS,n5000-uk9.5.2.1.N1.7
Fija,172.22.36.140,N5KTRIARA1BK4,Not Info Yet,5548,No Yet Cataloged,NX-OS,n5000-uk9.5.2.1.N1.5
Fija,172.22.36.24,N5KTRIARA1CLM,Not Info Yet,5596,No Yet Cataloged,NX-OS,n5000-uk9.7.1.4.N1.1
Fija,172.22.36.246,N5Ktriara1ServiceLeaf,Not Info Yet,5672UP,No Yet Cataloged,NX-OS,n6000-uk9.7.1.4.N1.1
Fija,172.22.36.34,N5KTRIARA2,Not Info Yet,5596,No Yet Cataloged,NX-OS,n5000-uk9.5.2.1.N1.7
Fija,172.22.36.201,N5KTRIARA2BK1,Not Info Yet,5548,No Yet Cataloged,NX-OS,n5000-uk9.5.2.1.N1.7
Fija,172.22.36.141,N5KTRIARA2BK4,Not Info Yet,5548,No Yet Cataloged,NX-OS,n5000-uk9.5.2.1.N1.5
Fija,172.22.36.25,N5KTRIARA2CLM,Not Info Yet,5596,No Yet Cataloged,NX-OS,n5000-uk9.7.1.4.N1.1
Fija,172.22.36.247,N5Ktriara2ServiceLeaf,Not Info Yet,5672UP,No Yet Cataloged,NX-OS,n6000-uk9.7.1.4.N1.1
Fija,172.22.36.178,N5KTRIARA3BK4,Not Info Yet,5596,No Yet Cataloged,NX-OS,n5000-uk9.5.2.1.N1.7
Fija,172.22.36.179,N5KTRIARA4BK4,Not Info Yet,5596,No Yet Cataloged,NX-OS,n5000-uk9.5.2.1.N1.7
Fija,172.22.36.180,N5KTRIARA5BK4,Not Info Yet,5596,No Yet Cataloged,NX-OS,n5000-uk9.7.1.4.N1.1
Fija,172.22.36.181,N5KTRIARA6BK4,Not Info Yet,5596,No Yet Cataloged,NX-OS,n5000-uk9.7.1.4.N1.1
Fija,172.22.36.182,N5KTRIARA7BK4,Not Info Yet,5672UP,No Yet Cataloged,NX-OS,n6000-uk9.7.0.5.N1.1
Fija,172.22.36.183,N5KTRIARA8BK4,Not Info Yet,5672UP,No Yet Cataloged,NX-OS,n6000-uk9.7.0.5.N1.1
Fija,172.22.36.210,N5KTRIARA9BK4,Not Info Yet,5672UP,No Yet Cataloged,NX-OS,n6000-uk9.7.1.4.N1.1
Fija,172.22.36.238,N5ktriaraAVAL1,Not Info Yet,5548,No Yet Cataloged,NX-OS,n5000-uk9.5.2.1.N1.7
Fija,172.22.36.239,N5ktriaraAVAL2,Not Info Yet,5548,No Yet Cataloged,NX-OS,n5000-uk9.5.2.1.N1.7
Fija,172.22.36.220,N5KTRIARACCE1,Not Info Yet,5548,No Yet Cataloged,NX-OS,n5000-uk9.7.1.4.N1.1
Fija,172.22.36.221,N5KTRIARACCE2,Not Info Yet,5548,No Yet Cataloged,NX-OS,n5000-uk9.7.1.4.N1.1
Fija,172.22.36.92,N5KTRIARAGESTION1,Not Info Yet,5548,No Yet Cataloged,NX-OS,n5000-uk9.5.2.1.N1.7
Fija,172.22.36.91,N5KTRIARAGESTION2,Not Info Yet,5548,No Yet Cataloged,NX-OS,n5000-uk9.5.2.1.N1.7
Fija,172.22.36.224,N5KTRIARAITW1,Not Info Yet,5548,No Yet Cataloged,NX-OS,n5000-uk9.5.2.1.N1.7
Fija,172.22.36.225,N5KTRIARAITW2,Not Info Yet,5548,No Yet Cataloged,NX-OS,n5000-uk9.5.2.1.N1.7
Fija,172.22.36.227,N5KTRIARAPcaaS1,Not Info Yet,5548,No Yet Cataloged,NX-OS,n5000-uk9.5.2.1.N1.7
Fija,172.22.36.228,N5KTRIARAPcaaS2,Not Info Yet,5548,No Yet Cataloged,NX-OS,n5000-uk9.5.2.1.N1.7
Fija,172.22.36.132,N5KTRIARATELEFONIA1,BOGOTA,Nexus5548,Obsoleto,NX-OS,n5000-uk9.5.2.1.N1.7
Fija,172.22.36.134,N5KTRIARATELEFONIA2,BOGOTA,Nexus5548,Obsoleto,NX-OS,n5000-uk9.5.2.1.N1.7
Fija,172.22.35.5,N7KORTEZAL1,Not Info Yet,C7010,No Yet Cataloged,NX-OS,n7000-s2-dk9.6.2.10
Fija,172.22.35.7,N7KORTEZAL1,Not Info Yet,C7010,No Yet Cataloged,NX-OS,n7000-s2-dk9.6.2.10
Fija,172.22.35.6,N7KORTEZAL1,Not Info Yet,C7010,No Yet Cataloged,NX-OS,n7000-s2-dk9.6.2.10
Fija,172.22.35.8,N7KORTEZAL1,Not Info Yet,C7010,No Yet Cataloged,NX-OS,n7000-s2-dk9.6.2.10
Fija,172.22.35.10,N7KORTEZAL2,Not Info Yet,C7010,No Yet Cataloged,NX-OS,n7000-s2-dk9.6.2.10
Fija,172.22.35.12,N7KORTEZAL2,Not Info Yet,C7010,No Yet Cataloged,NX-OS,n7000-s2-dk9.6.2.10
Fija,172.22.35.13,N7KORTEZAL2,Not Info Yet,C7010,No Yet Cataloged,NX-OS,n7000-s2-dk9.6.2.10
Fija,10.10.66.32,NACIONAL,Not Info Yet,7206VXR (NPE-G2),No Yet Cataloged,IOS,c7200p-spservicesk9-mz.122-33.SRE5
Fija,10.10.66.253,NACIONALATM,Not Info Yet,7206VXR (NPE-G2),No Yet Cataloged,IOS,c7200p-spservicesk9-mz.122-33.SRE5
Fija,10.10.66.34,NACIONALATM2-ortezal,Not Info Yet,7206VXR (NPE-G2),No Yet Cataloged,IOS,c7200p-spservicesk9-mz.122-33.SRE5
Fija,10.10.66.164,PASARELA,CALI,7206VXR (NPE-G2),No Yet Cataloged,IOS,c7200p-spservicesk9-mz.122-33.SRE5
Fija,10.10.66.244,PEREIRA,PEREIRA,7206VXR (NPE-G1),No Yet Cataloged,IOS,c7200-spservicesk9-mz.122-33.SRE5
Fija,10.10.66.155,PMCALICENTRO,CALI,12410/PRP,No Yet Cataloged,IOS,c12kprp-k4p-mz.120-33.S9
Fija,10.10.66.178,PMFLORA,CALI,12410/PRP,No Yet Cataloged,IOS,c12kprp-k4p-mz.120-33.S9
Fija,10.10.66.171,PMPEREIRA,PEREIRA,7206VXR (NPE-G2),No Yet Cataloged,IOS,c7200p-spservicesk9-mz.122-33.SRE5
Fija,10.10.66.26,PMPEREIRACENTRO1,PEREIRA,ASR9K,No Yet Cataloged,XR,4.3.4
Fija,10.10.66.27,PMPEREIRACENTRO2,PEREIRA,ASR9K,No Yet Cataloged,XR,4.3.4
Fija,10.10.66.28,PMRICAURTE1,BUCARAMANGA,ASR9K,No Yet Cataloged,XR,4.3.4
Fija,10.10.66.29,PMRICAURTE2,BUCARAMANGA,ASR9K,No Yet Cataloged,XR,4.3.4
Fija,10.10.66.198,PMSANDIEGO,MEDELLIN,12410/PRP,No Yet Cataloged,IOS,c12kprp-k4p-mz.120-33.S9
Fija,172.22.35.64,RBACKEND-ORTEZAL2,Not Info Yet,7206VXR (NPE-G1),No Yet Cataloged,IOS,c7200-spservicesk9-mz.122-33.SRE5
Fija,172.30.14.133,RbackendTriara1-1004,Not Info Yet,ASR1004,No Yet Cataloged,XE,asr1000rp2-advipservicesk9.03.10.04.S.153-3.S4-ext
Fija,172.30.14.137,RbackendTriara2-1004,Not Info Yet,ASR1004,No Yet Cataloged,XE,asr1000rp2-advipservicesk9.03.10.04.S.153-3.S4-ext
Fija,172.30.16.20,RGCOMCEL3G1,Not Info Yet,ASR1002,No Yet Cataloged,XE,asr1000rp1-advipservicesk9.03.04.05.S.151-3.S5
Fija,172.30.16.30,RGCOMCEL3G2,Not Info Yet,ASR1002,No Yet Cataloged,XE,asr1000rp1-advipservicesk9.03.04.05.S.151-3.S5
Fija,172.22.35.2,RGORTEZAL,Not Info Yet,7206VXR (NPE-G2),No Yet Cataloged,IOS,c7200p-spservicesk9-mz.124-4.XD7
Fija,172.22.35.3,RGORTEZAL2,Not Info Yet,7206VXR (NPE-G1),No Yet Cataloged,IOS,c7200-spservicesk9-mz.122-33.SRE5
Fija,172.22.32.227,RGTRIARA,Not Info Yet,ASR1001-X,No Yet Cataloged,XE,asr1001x-universalk9.03.16.02.S.155-3.S2-ext.SPA
Fija,172.22.32.228,RGTRIARA2,Not Info Yet,ASR1001-X,No Yet Cataloged,XE,asr1001x-universalk9.03.16.02.S.155-3.S2-ext.SPA
Fija,172.30.15.67,RINTOPAIN,Not Info Yet,ISR4451-X/K9,No Yet Cataloged,XE,isr4400-universalk9.03.16.04b.S.155-3.S4b-ext.SPA
Fija,172.30.15.66,RMPLSOPAIN,Not Info Yet,CISCO3925,No Yet Cataloged,IOS,c3900-universalk9-mz.SPA.151-4.M4
Fija,10.15.1.2,RR_CHICONORTE,Not Info Yet,ASR1002,EoS,XE,asr1000rp1-advipservicesk9.03.04.05.S.151-3.S5
Fija,10.15.1.1,RR_ORTEZAL,Not Info Yet,ASR1002,EoS,XE,asr1000rp1-advipservicesk9.03.04.05.S.151-3.S5
Fija,10.15.1.3,RR-CALICENTRO,Not Info Yet,7206VXR (NPE-G2),No Yet Cataloged,IOS,c7200p-k91p-mz.122-31.SB14
Fija,10.10.63.2,RRMBOSQUE,CARTAGENA,ASR1002-X,No Yet Cataloged,XE,asr1002x-universalk9.03.10.02.S.153-3.S2-ext.SPA
Fija,10.15.1.4,RRMEDELLIN,MEDELLIN,7204VXR (NPE-G2),No Yet Cataloged,IOS,c7200p-k91p-mz.122-31.SB14
Fija,10.10.63.1,RRMTOBERIN,BOGOTA,ASR1002-X,Vigente,XE,asr1002x-universalk9.03.10.02.S.153-3.S2-ext.SPA
Fija,172.31.238.96,rtelbilling,BOGOTA,7206VXR (NPE-G1),Obsoleto,IOS,c7200-spservicesk9-mz.122-33.SRC4
Fija,172.30.15.68,RTELOPAIN,Not Info Yet,CISCO2911/K9,No Yet Cataloged,IOS,c2900-universalk9-mz.SPA.151-2.T3
Fija,172.30.15.69,RTELOPAIN2,Not Info Yet,CISCO3925,No Yet Cataloged,IOS,c3900-universalk9-mz.SPA.151-2.T3
Fija,172.30.16.24,rtigo3g,Not Info Yet,ISR4321/K9,No Yet Cataloged,XE,isr4300-universalk9.03.16.04b.S.155-3.S4b-ext.SPA
Fija,172.22.32.235,RTORTEZAL,Not Info Yet,ASR1004,EoS,XE,asr1000rp2-adventerprisek9.03.10.04.S.153-3.S4-ext
Fija,172.30.14.165,RTTRIARA,Not Info Yet,ASR1004,EoS,XE,asr1000rp2-adventerprisek9.03.10.04.S.153-3.S4-ext
Fija,172.22.36.143,RTTRIARA2,BOGOTA,ASR1002,EoS,XE,asr1000rp1-advipservicesk9.03.10.04.S.153-3.S4-ext
Fija,172.31.238.243,RVIDEOGKORTEZAL,Not Info Yet,CISCO2921/K9,EoS,IOS,c2900-universalk9-mz.SPA.151-2.T3
Fija,172.30.16.47,rvideoortezal,BOGOTA,CISCO3925-CHASSIS,EoS,IOS,c3900e-universalk9-mz.SPA.151-1.T2
Fija,172.30.16.46,rvideotriara,BOGOTA,CISCO3925-CHASSIS,EoS,IOS,c3900e-universalk9-mz.SPA.151-1.T2
Fija,172.22.32.19,S1-SITEI,Not Info Yet,WS-C6513,No Yet Cataloged,IOS,s72033-advipservicesk9_wan-mz.122-33.SXI4a
Fija,172.22.32.20,S2-SITEI,Not Info Yet,WS-C6513,No Yet Cataloged,IOS,s72033-advipservicesk9_wan-mz.122-33.SXI4a
Fija,172.22.36.99,SGBUNKER2,Not Info Yet,WS-C4948,No Yet Cataloged,IOS,cat4500-entservicesk9-mz.122-53.SG5
Fija,172.22.36.98,SGBUNKER3,Not Info Yet,WS-C4948,No Yet Cataloged,IOS,cat4500-entservicesk9-mz.122-53.SG5
Fija,172.22.36.101,SGNODO1_G26U32,Not Info Yet,WS-C4948,No Yet Cataloged,IOS,cat4500-entservicesk9-mz.122-53.SG5
Fija,172.30.16.22,SKYN_TSO6088,Not Info Yet,CISCO2921/K9,No Yet Cataloged,IOS,c2900-universalk9-mz.SPA.150-1.M4
Fija,172.22.32.241,spbxtriara1,BOGOTA,WS-C4948,Obsoleto,IOS,cat4500-ipbasek9-mz.122-46.SG
Fija,172.22.32.242,spbxtriara2,BOGOTA,WS-C4948,Obsoleto,IOS,cat4500-ipbasek9-mz.122-46.SG
Fija,172.30.14.147,STELIMS1,BOGOTA,WS-C4948,Obsoleto,IOS,cat4500-ipbasek9-mz.122-46.SG
Fija,172.30.14.148,STELIMS2,BOGOTA,WS-C4948,Obsoleto,IOS,cat4500-ipbasek9-mz.122-46.SG
Fija,172.30.26.68,STELIMS3,BOGOTA,WS-C4948E,EoS,IOS,cat4500e-lanbasek9-mz.122-54.SG1
Fija,172.30.26.69,STELIMS4,BOGOTA,WS-C4948E,EoS,IOS,cat4500e-lanbasek9-mz.122-54.SG1
Fija,172.21.122.54,STELIMS5,BOGOTA,WS-C4948E,EoS,IOS,cat4500e-lanbasek9-mz.122-54.SG1
Fija,172.21.122.55,STELIMS6,BOGOTA,WS-C4948E,EoS,IOS,cat4500e-lanbasek9-mz.122-54.SG1
Fija,172.30.14.160,STELM2000_1,Not Info Yet,WS-C4948,Obsoleto,IOS,cat4500-ipbasek9-mz.122-46.SG
Fija,172.30.14.161,STELM2000_2,Not Info Yet,WS-C4948,Obsoleto,IOS,cat4500-ipbasek9-mz.122-46.SG
Fija,172.31.238.229,STELORTEZAL1,BOGOTA,WS-C4948,Obsoleto,IOS,cat4500-entservicesk9-mz.122-53.SG5
Fija,172.30.5.161,STELORTEZAL6,BOGOTA,WS-C4948E,EoS,IOS,cat4500e-lanbasek9-mz.122-54.SG1
Fija,172.30.14.162,STELSBCTRIARA1,BOGOTA,WS-C4948E,EoS,IOS,cat4500e-lanbasek9-mz.122-54.SG1
Fija,172.30.15.135,STELSBCTRIARA2,BOGOTA,WS-C4948E,EoS,IOS,cat4500e-lanbasek9-mz.122-54.SG1
Fija,172.30.27.2,SW_ITX_IFX,Not Info Yet,WS-C2960-24TT-L,No Yet Cataloged,IOS,c2960-lanbasek9-mz.122-55.SE7/c2960-lanbasek9-mz.122-55.SE7
Fija,172.22.35.16,SWSERVORTEZAL-1,Not Info Yet,WS-C6509-E,No Yet Cataloged,IOS,s72033-adventerprisek9_wan-mz.122-33.SXI11
Fija,172.22.35.17,SWSERVORTEZAL-2,Not Info Yet,WS-C6509-E,No Yet Cataloged,IOS,s72033-adventerprisek9_wan-mz.122-33.SXI11
Fija,172.22.36.22,SWSERVTRIARA1,Not Info Yet,WS-C6506-E,No Yet Cataloged,IOS,s72033-adventerprisek9_wan-mz.122-33.SXI11
Fija,172.22.36.23,SWSERVTRIARA-2,Not Info Yet,WS-C6506-E,No Yet Cataloged,IOS,s72033-adventerprisek9_wan-mz.122-33.SXI11
Fija,172.22.35.18,SYNCORTEZAL,Not Info Yet,WS-C4948,No Yet Cataloged,IOS,cat4500-entservicesk9-mz.122-53.SG5
Fija,172.22.36.54,SYNCTRIARA,Not Info Yet,WS-C4948,No Yet Cataloged,IOS,cat4500-entservicesk9-mz.122-53.SG5
Fija,172.22.36.62,SYNCTRIARABK1,Not Info Yet,WS-C4948,No Yet Cataloged,IOS,cat4500-entservicesk9-mz.122-53.SG5
Fija,172.22.36.63,SYNCTRIARABK2,Not Info Yet,WS-C4948,No Yet Cataloged,IOS,cat4500-entservicesk9-mz.122-53.SG5
Fija,172.26.100.118,THAARMENIA2,Not Info Yet,WS-C2960-24TT-L,No Yet Cataloged,IOS,c2960-lanbasek9-mz.122-50.SE5/c2960-lanbasek9-mz.122-50.SE5
Fija,172.30.32.194,THABARRANQUILLACENTRO,Not Info Yet,WS-C2960-24PC-L,No Yet Cataloged,IOS,c2960-lanbasek9-mz.122-55.SE7/c2960-lanbasek9-mz.122-55.SE7
Fija,172.24.100.121,THABELEN2,Not Info Yet,WS-C2960-24PC-L,No Yet Cataloged,IOS,c2960-lanbasek9-mz.122-50.SE4/c2960-lanbasek9-mz.122-50.SE4
Fija,172.24.100.119,THABELLO2,Not Info Yet,WS-C2960-24PC-L,No Yet Cataloged,IOS,c2960-lanbasek9-mz.122-50.SE4/c2960-lanbasek9-mz.122-50.SE4
Fija,172.30.24.66,THABOCAGRANDE,Not Info Yet,WS-C2960-24PC-L,No Yet Cataloged,XE,c2960-lanbasek9-mz.122-55.SE7/c2960-lanbasek9-mz.122-55.SE7
Fija,172.25.101.41,THABOSQUE3,Not Info Yet,WS-C2960-24PC-L,No Yet Cataloged,IOS,c2960-lanbasek9-mz.122-55.SE5/c2960-lanbasek9-mz.122-55.SE5
Fija,172.25.100.104,THABOSTON3,Not Info Yet,WS-C2960-24PC-L,No Yet Cataloged,IOS,c2960-lanbasek9-mz.122-50.SE4/c2960-lanbasek9-mz.122-50.SE4
Fija,172.21.122.20,THACALIORIENTE2,Not Info Yet,WS-C3560G-48TS,No Yet Cataloged,IOS,c3560-ipservicesk9-mz.122-25.SEE3
Fija,172.21.122.21,THACERRITO,Not Info Yet,WS-C2960-24TT-L,No Yet Cataloged,IOS,c2960-lanbasek9-mz.122-50.SE5/c2960-lanbasek9-mz.122-50.SE5
Fija,172.31.15.209,THACOT2,Not Info Yet,WS-C2960+24PC-L,No Yet Cataloged,IOS,c2960-lanbasek9-mz.150-2.SE6/c2960-lanbasek9-mz.150-2.SE6
Fija,172.30.32.2,THADORADA,Not Info Yet,WS-C2960-24PC-L,No Yet Cataloged,IOS,c2960-lanbasek9-mz.122-50.SE5/c2960-lanbasek9-mz.122-50.SE5
Fija,172.31.15.117,THADVBSUBA,Not Info Yet,WS-C2960-24-S,No Yet Cataloged,IOS,c2960-lanlitek9-mz.122-44.SE6/c2960-lanlitek9-mz.122-44.SE6
Fija,172.24.100.2,THAESTADIO2,Not Info Yet,WS-C2960-24PC-S,No Yet Cataloged,IOS,c2960-lanlitek9-mz.122-50.SE5/c2960-lanlitek9-mz.122-50.SE5
Fija,172.31.15.245,THAFONTIBON3P1,Not Info Yet,WS-C2960-24PC-L,No Yet Cataloged,IOS,c2960-lanbasek9-mz.122-55.SE7/c2960-lanbasek9-mz.122-55.SE7
Fija,172.30.51.130,THAGARCESNAVAS,Not Info Yet,WS-C2960-24PC-S,No Yet Cataloged,IOS,c2960-lanlitek9-mz.122-50.SE3/c2960-lanlitek9-mz.122-50.SE3
Fija,172.28.101.143,THAIBAGUE2,Not Info Yet,WS-C2960-24PC-L,No Yet Cataloged,IOS,c2960-lanbasek9-mz.122-50.SE4/c2960-lanbasek9-mz.122-50.SE4
Fija,172.30.51.194,THAJAMUNDI,Not Info Yet,WS-C2960-24TT-L,No Yet Cataloged,IOS,c2960-lanbasek9-mz.122-50.SE5/c2960-lanbasek9-mz.122-50.SE5
Fija,172.30.53.130,THAMADRID,Not Info Yet,WS-C2960-24TT-L,No Yet Cataloged,IOS,c2960-lanbasek9-mz.122-50.SE5/c2960-lanbasek9-mz.122-50.SE5
Fija,172.30.26.194,THAMALVINAS,Not Info Yet,WS-C2960-24TC-L,No Yet Cataloged,IOS,c2960-lanbasek9-mz.122-55.SE7/c2960-lanbasek9-mz.122-55.SE7
Fija,172.26.100.119,THAMANIZALES2,Not Info Yet,WS-C2960-24TT-L,No Yet Cataloged,IOS,c2960-lanbasek9-mz.122-50.SE5/c2960-lanbasek9-mz.122-50.SE5
Fija,172.30.27.130,THAMARRUECOS,Not Info Yet,WS-C2960-24TC-L,No Yet Cataloged,IOS,c2960-lanbasek9-mz.122-55.SE7/c2960-lanbasek9-mz.122-55.SE7
Fija,172.24.100.115,THAMEGACENTER,Not Info Yet,WS-C2960-24PC-L,No Yet Cataloged,IOS,c2960-lanbasek9-mz.122-50.SE4/c2960-lanbasek9-mz.122-50.SE4
Fija,172.21.122.24,THAMELENDEZ2,Not Info Yet,WS-C2960-24PC-S,No Yet Cataloged,IOS,c2960-lanlitek9-mz.122-50.SE5/c2960-lanlitek9-mz.122-50.SE5
Fija,172.30.55.194,THAMODELOSUR,Not Info Yet,WS-C3750X-48P,No Yet Cataloged,IOS,c3750e-universalk9-mz.122-55.SE1/c3750e-universalk9-mz.122-55.SE1
Fija,172.25.101.102,THAMONTERIA2,Not Info Yet,WS-C2960-24PC-S,No Yet Cataloged,IOS,c2960-lanlitek9-mz.122-50.SE5/c2960-lanlitek9-mz.122-50.SE5
Fija,172.31.15.153,THAMPCB,Not Info Yet,WS-C2960G-24TC-L,No Yet Cataloged,IOS,c2960-lanbasek9-mz.122-55.SE5
Fija,172.28.100.105,THANEIVA2,Not Info Yet,WS-C2960-24TT-L,No Yet Cataloged,IOS,c2960-lanbasek9-mz.122-53.SE2
Fija,172.25.100.113,THANUEVOBOSTON,Not Info Yet,WS-C2960-24PC-L,No Yet Cataloged,IOS,c2960-lanbasek9-mz.122-55.SE7/c2960-lanbasek9-mz.122-55.SE7
Fija,172.31.15.184,THANUEVOSOACHA,Not Info Yet,WS-C2960-24PC-L,No Yet Cataloged,IOS,c2960-lanbasek9-mz.122-55.SE7/c2960-lanbasek9-mz.122-55.SE7
Fija,172.21.122.133,THAPASTO2,Not Info Yet,WS-C2960-24PC-S,No Yet Cataloged,IOS,c2960-lanlitek9-mz.122-50.SE5/c2960-lanlitek9-mz.122-50.SE5
Fija,172.30.33.66,THAPATIOBONITO,Not Info Yet,WS-C2960-24PC-L,No Yet Cataloged,IOS,c2960-lanbasek9-mz.122-55.SE7/c2960-lanbasek9-mz.122-55.SE7
Fija,172.30.68.130,THAPLAZACLARO,Not Info Yet,WS-C2960-48PST-S,No Yet Cataloged,IOS,c2960-lanlitek9-mz.122-55.SE9
Fija,172.24.100.132,THAPOBLADO2,Not Info Yet,WS-C2960-24TT-L,No Yet Cataloged,IOS,c2960-lanbasek9-mz.122-50.SE5/c2960-lanbasek9-mz.122-50.SE5
Fija,172.21.122.197,THAPOPAYAN2,Not Info Yet,WS-C2960-24PC-L,No Yet Cataloged,IOS,c2960-lanbasek9-mz.122-50.SE4/c2960-lanbasek9-mz.122-50.SE4
Fija,172.30.4.197,THARESTREPO2,Not Info Yet,WS-C2960-24PC-L,No Yet Cataloged,IOS,c2960-lanbasek9-mz.122-55.SE5/c2960-lanbasek9-mz.122-55.SE5
Fija,172.30.4.215,THARESTREPO3,Not Info Yet,WS-C2960-24PC-L,No Yet Cataloged,IOS,c2960-lanbasek9-mz.122-55.SE5/c2960-lanbasek9-mz.122-55.SE5
Fija,172.30.4.194,THARESTREPO-CH1,Not Info Yet,WS-C2960X-24PS-L,No Yet Cataloged,IOS,c2960x-universalk9-mz.152-7.E1/c2960x-universalk9-mz.152-7.E1
Fija,172.27.100.11,THARICAURTE1P2,Not Info Yet,WS-C2960-24PC-L,No Yet Cataloged,IOS,c2960-lanbasek9-mz.122-50.SE5/c2960-lanbasek9-mz.122-50.SE5
Fija,172.25.101.134,THASINCELEJO2,Not Info Yet,WS-C2960-24PC-S,No Yet Cataloged,IOS,c2960-lanlitek9-mz.122-50.SE5/c2960-lanlitek9-mz.122-50.SE5
Fija,172.31.15.178,THASOACHA,Not Info Yet,WS-C2960-24TC-L,No Yet Cataloged,IOS,c2960-lanbasek9-mz.122-55.SE7/c2960-lanbasek9-mz.122-55.SE7
Fija,172.31.38.33,THASOACHA2,Not Info Yet,WS-C2960+24PC-L,No Yet Cataloged,IOS,c2960-lanbasek9-mz.150-2.SE6/c2960-lanbasek9-mz.150-2.SE6
Fija,172.30.33.194,THASOLEDAD,Not Info Yet,WS-C2960-24PC-L,No Yet Cataloged,IOS,c2960-lanbasek9-mz.122-55.SE7/c2960-lanbasek9-mz.122-55.SE7
Fija,172.31.15.161,THATOBERIN2P3,Not Info Yet,WS-C2960-24TT-L,No Yet Cataloged,IOS,c2960-lanbasek9-mz.122-55.SE7/c2960-lanbasek9-mz.122-55.SE7
Fija,172.31.15.173,THATOBERIN3P3,Not Info Yet,WS-C2960-24PC-S,No Yet Cataloged,IOS,c2960-lanlitek9-mz.122-50.SE3/c2960-lanlitek9-mz.122-50.SE3
Fija,172.31.15.172,THATOBERIN4P2,Not Info Yet,WS-C2960-24PC-S,No Yet Cataloged,IOS,c2960-lanlitek9-mz.122-50.SE3/c2960-lanlitek9-mz.122-50.SE3
Fija,172.31.15.27,THATORRESUBA14,Not Info Yet,ME-3400G-12CS-A,No Yet Cataloged,IOS,me340x-metroipaccessk9-mz.122-54.SE
Fija,172.31.15.147,THATORRESUBA17,Not Info Yet,WS-C2960-48PST-L,No Yet Cataloged,IOS,c2960-lanbasek9-mz.122-55.SE7/c2960-lanbasek9-mz.122-55.SE7
Fija,172.31.15.8,THATORRESUBA3,Not Info Yet,WS-C3560G-48TS,No Yet Cataloged,IOS,c3560-ipservicesk9-mz.122-25.SEE3
Fija,172.31.15.10,THATORRESUBA5,Not Info Yet,WS-C3560G-48TS,No Yet Cataloged,IOS,c3560-ipservicesk9-mz.122-25.SEE3
Fija,172.31.15.16,THATORRESUBA8,Not Info Yet,WS-C4948E,No Yet Cataloged,IOS,cat4500e-lanbasek9-mz.122-54.SG1
Fija,172.31.15.140,THATVSUBA3,Not Info Yet,WS-C2960-24-S,No Yet Cataloged,IOS,c2960-lanlitek9-mz.122-44.SE6/c2960-lanlitek9-mz.122-44.SE6
Fija,172.25.101.162,THAVALLEDUPAR,Not Info Yet,WS-C2960G-24TC-L,No Yet Cataloged,IOS,c2960-lanbasek9-mz.122-44.SE6/c2960-lanbasek9-mz.122-44.SE6
Fija,172.31.15.138,THAVENECIA2,Not Info Yet,WS-C2960-24PC-L,No Yet Cataloged,IOS,c2960-lanbasek9-mz.122-50.SE4/c2960-lanbasek9-mz.122-50.SE4
Fija,172.31.15.249,THAVENECIA4,Not Info Yet,WS-C2960-24PC-L,No Yet Cataloged,IOS,c2960-lanbasek9-mz.122-55.SE5/c2960-lanbasek9-mz.122-55.SE5
Fija,172.31.90.2,THAVENECIACORP,Not Info Yet,WS-C2960-24TC-L,No Yet Cataloged,IOS,c2960-lanbasek9-mz.122-55.SE7/c2960-lanbasek9-mz.122-55.SE7
Fija,172.24.100.122,THBABELEN,MEDELLIN,ASR9K,No Yet Cataloged,XR,5.3.3
Fija,172.24.100.114,THBABELLO,MEDELLIN,ASR9K,No Yet Cataloged,XR,4.3.4
Fija,10.10.63.44,THBABQACENTRO,BARRANQUILLA,ASR9K,No Yet Cataloged,XR,5.3.3
Fija,10.10.63.53,THBABUGA,Not Info Yet,ASR9K,No Yet Cataloged,XR,6.2.2
Fija,10.10.63.48,THBACALERA,Not Info Yet,ASR9K,No Yet Cataloged,XR,6.2.2
Fija,172.31.15.142,THBACENTRO,BOGOTA,ASR9K,EoS,XR,4.3.4
Fija,10.10.63.63,THBACERRITO,Not Info Yet,ASR9K,No Yet Cataloged,XR,5.3.4
Fija,172.31.15.236,THBACOT,BOGOTA,ASR9K,EoS,XR,5.3.1
Fija,10.10.63.46,THBADORADA,BOGOTA,ASR9K,EoS,XR,5.3.3
Fija,172.24.100.113,THBAESTADIO,MEDELLIN,ASR9K,No Yet Cataloged,XR,4.3.4
Fija,10.10.63.16,THBAFUSAGASUGA,FUDAGASUGA,ASR9K,No Yet Cataloged,XR,4.3.4
Fija,10.10.63.55,THBAGARCESNAVAS,Not Info Yet,ASR9K,No Yet Cataloged,XR,6.2.2
Fija,10.10.63.18,THBAIBAGUE,IBAGUE.,ASR9K,No Yet Cataloged,XR,4.3.4
Fija,10.10.63.33,THBAMEGACENTER,MEDELLIN,ASR9K,No Yet Cataloged,XR,4.3.4
Fija,172.21.122.61,THBAMELENDEZ,CALI,ASR9K,No Yet Cataloged,XR,4.3.4
Fija,10.10.94.220,THBAMODELOSUR,Not Info Yet,ASR9K,No Yet Cataloged,XR,6.2.2
Fija,10.10.63.19,THBANEIVACENTRO,NEIVA,ASR9K,No Yet Cataloged,XR,4.3.4
Fija,10.10.63.41,THBANEIVAHOGARES,NEIVA,ASR9K,No Yet Cataloged,XR,6.2.2
Fija,172.21.122.11,THBAPALMIRA,CALI,ASR9K,No Yet Cataloged,XR,6.2.2
Fija,10.10.63.20,THBAPASTO,PASTO.,ASR9K,No Yet Cataloged,XR,4.3.4
Fija,10.10.63.49,THBAPATIOBONITO,BOGOTA,ASR9K,EoS,XR,6.2.2
Fija,172.31.15.193,THBAPOLO1,BOGOTA,ASR9K,Vigente,XR,5.3.3
Fija,172.31.15.201,THBAPOLO2,BOGOTA,ASR9K,Vigente,XR,5.3.4
Fija,172.21.122.193,THBAPOPAYAN,CALI,ASR9K,No Yet Cataloged,XR,5.3.4
Fija,10.10.63.31,THBASANTAMARTA,SANTAMARTA.,ASR9K,No Yet Cataloged,XR,4.3.4
Fija,10.10.63.45,THBASOACHADEF,BOGOTA,ASR9K,EoS,XR,5.3.4
Fija,10.10.63.24,THBASOGAMOSO,SOGAMOSO,ASR9K,No Yet Cataloged,XR,6.2.2
Fija,10.10.63.56,THBASOLEDAD,Not Info Yet,ASR9K,No Yet Cataloged,XR,6.2.2
Fija,172.31.15.93,THBASUBA1,BOGOTA,ASR9K,Vigente,XR,5.3.4
Fija,172.31.15.199,THBASUBA2,BOGOTA,ASR9K,Vigente,XR,5.3.4
Fija,172.21.122.51,THBATULUA,CALI,ASR9K,No Yet Cataloged,XR,5.3.3
Fija,10.10.63.26,THBATUNJA,TUNJA,ASR9K,No Yet Cataloged,XR,6.2.2
Fija,10.10.63.5,THBATVCALINORTE1,CALI,ASR9K,No Yet Cataloged,XR,5.3.4
Fija,10.10.63.6,THBATVCALINORTE2,CALI,ASR9K,No Yet Cataloged,XR,5.3.4
Fija,10.10.63.42,THBATVESTADIO1,MEDELLIN,ASR9K,No Yet Cataloged,XR,5.3.4
Fija,10.10.63.43,THBATVESTADIO2,MEDELLIN,ASR9K,No Yet Cataloged,XR,5.3.4
Fija,10.10.63.35,THBATVFLORENCIA,FLORENCIA,ASR9K,No Yet Cataloged,XR,6.3.3
Fija,10.10.63.8,THBATVPEREIRACENTRO1,PEREIRA,ASR9K,No Yet Cataloged,XR,5.3.4
Fija,10.10.63.9,THBATVPEREIRACENTRO2,PEREIRA,ASR9K,No Yet Cataloged,XR,5.3.4
Fija,10.10.63.14,THBATVRICAURTE1,BUCARAMANGA,ASR9K,No Yet Cataloged,XR,5.3.4
Fija,10.10.63.15,THBATVRICAURTE2,BUCARAMANGA,ASR9K,No Yet Cataloged,XR,5.3.4
Fija,10.10.63.32,THBATVSINCELEJO,SINCELEJO,ASR9K,No Yet Cataloged,XR,4.3.4
Fija,10.10.63.3,THBATVSUBA,BOGOTA,ASR9K,Obsoleto,XR,5.3.4
Fija,172.31.15.195,THBATVSUBA,BOGOTA,ASR9K,No Yet Cataloged,XR,5.3.4
Fija,10.10.63.23,THBATVVILLAVICENCIO,VILLAVICENCIO.,ASR9K,No Yet Cataloged,XR,6.3.3
Fija,172.28.110.2,THBATVVILLAVICENCIO,VILLAVICENCIO.,ASR9K,No Yet Cataloged,XR,6.3.3
Fija,172.25.101.161,THBAVALLEDUPAR,VALLEDUPAR.,ASR9K,No Yet Cataloged,XR,5.3.3
Fija,172.31.90.1,THBAVENECIACORP,BOGOTA,ASR9K,EoS,XR,5.2.4
Fija,10.10.63.25,THBAYOPAL,YOPAL.,ASR9K,No Yet Cataloged,XR,6.2.2
Fija,172.24.100.102,THBESTADIO2,MEDELLIN,CISCO7606,No Yet Cataloged,IOS,c7600s72033-advipservicesk9-mz.122-33.SRD4
Fija,200.118.3.90,THBTORRESUBA1,BOGOTA,WS-C6509-E,EoS,IOS,s72033-advipservicesk9_wan-mz.122-33.SXI4a
Fija,200.118.3.89,THBTORRESUBA2,BOGOTA,WS-C6513,No Yet Cataloged,IOS,s72033-advipservicesk9_wan-mz.122-18.SXF10a
Fija,172.27.100.7,THBTVRICAURTE,BUCARAMANGA,ME-3400G-12CS-A,No Yet Cataloged,IOS,me340x-metroipaccessk9-mz.122-54.SE
Fija,172.30.28.1,THBTVSUBA3,BOGOTA,WS-C4510R+E,Vigente,XE,cat4500e-universalk9.SPA.03.04.04.SG.151-2.SG4
Fija,172.30.28.2,THBTVSUBA4,BOGOTA,WS-C4510R+E,Vigente,XE,cat4500e-universalk9.SPA.03.04.04.SG.151-2.SG4
Fija,172.26.100.112,THDARMENIA,ARMENIA,ME-3400G-12CS-A,No Yet Cataloged,IOS,me340x-metroipaccessk9-mz.122-54.SE
Fija,172.25.100.253,THDBOSTON,CARTAGENA,ME-3400-24TS-D,No Yet Cataloged,IOS,me340x-metroipaccessk9-mz.122-54.SE
Fija,172.21.122.13,THDBUGA,CALI,ME-3400G-12CS-A,No Yet Cataloged,IOS,me340x-metroipaccessk9-mz.122-54.SE
Fija,172.26.100.109,THDCARTAGO,CALI,ME-3400G-12CS-A,No Yet Cataloged,IOS,me340x-metroipaccessk9-mz.122-54.SE
Fija,172.26.100.107,THDDOSQUEBRADAS,PEREIRA,ME-3400G-12CS-A,No Yet Cataloged,IOS,me340x-metroipaccessk9-mz.122-54.SE
Fija,172.21.122.4,THDFLORA,CALI,ME-3400G-12CS-A,No Yet Cataloged,IOS,me340x-metroipaccessk9-mz.122-54.SE
Fija,172.25.101.100,THDMONTERIA,MONTERIA.,ME-3400G-12CS-A,No Yet Cataloged,IOS,me340x-metroipaccessk9-mz.122-54.SE
Fija,172.26.100.114,THDPEREIRACENTRO,PEREIRA,ME-3400G-12CS-A,No Yet Cataloged,IOS,me340x-metroipaccessk9-mz.122-54.SE
Fija,172.21.122.195,THDPOPAYAN,CALI,ME-3400G-12CS-A,No Yet Cataloged,IOS,me340x-metroipaccessk9-mz.122-54.SE
Fija,172.25.101.1,THDSANTAMARTA,SANTAMARTA.,ME-3400G-12CS-A,No Yet Cataloged,IOS,me340x-metroipaccessk9-mz.122-54.SE
Fija,172.21.255.13,THDSUBA,BOGOTA,ME-3400G-12CS-A,Obsoleto,IOS,me340x-metroipaccessk9-mz.122-54.SE
Fija,172.31.6.78,THDTELEVISION1,BOGOTA,WS-C3750G-24TS,Obsoleto,IOS,c3750-ipservicesk9-mz.122-55.SE1
Fija,172.28.101.97,THDTUNJA,TUNJA,ME-3400G-12CS-A,No Yet Cataloged,IOS,me340x-metroipaccessk9-mz.122-54.SE
Fija,172.31.15.116,THDTVSUBA1,BOGOTA,WS-C4948,Obsoleto,IOS,cat4500-entservicesk9-mz.122-53.SG5
Fija,172.31.15.115,THDTVSUBA2,BOGOTA,WS-C3560-48TS,Obsoleto,IOS,c3560-ipservicesk9-mz.122-25.SEE2
Fija,172.31.15.135,THDVODSUBA,BOGOTA,ME-3800X-24FS-M,EoS,IOS,me380x-universalk9-mz.122-52.EY3/me380x-universalk9-mz.122-52.EY3
Fija,172.21.33.114,THMCALLE94,BOGOTA,ME-3400G-12CS-A,Obsoleto,IOS,me340x-metroipaccessk9-mz.122-54.SE
Fija,172.21.33.112,THMLATCOM,Not Info Yet,ME-3400G-12CS-A,No Yet Cataloged,IOS,me340x-metroipaccessk9-mz.122-54.SE
Fija,172.21.33.115,THMPCB,BOGOTA,ME-3400G-12CS-A,Obsoleto,IOS,me340x-metroipaccessk9-mz.122-54.SE
Fija,172.21.33.113,THMSALITRE,BOGOTA,ME-3400G-12CS-A,Obsoleto,IOS,me340x-metroipaccessk9-mz.122-54.SE
Fija,172.21.33.111,THMSUBA,BOGOTA,ME-3400G-12CS-A,Obsoleto,IOS,me340x-metroipaccessk9-mz.122-54.SE
Fija,10.10.66.50,TUNJA,TUNJA,7206VXR (NPE-G2),No Yet Cataloged,IOS,c7200p-spservicesk9-mz.122-33.SRE5
Fija,10.10.66.230,VALLEDUPAR,VALLEDUPAR.,7206VXR (NPE-G2),No Yet Cataloged,IOS,c7200p-spservicesk9-mz.122-33.SRE5
Fija,172.30.63.134,VSAT_AXESATINTERCONEXION,Not Info Yet,CISCO2911/K9,No Yet Cataloged,XE,c2900-universalk9-mz.SPA.150-1.M4
Móvil,192.168.104.63,3750_SW_TRI_TEC_A,Not Info Yet,WS-C3750X-48,No Yet Cataloged,IOS,c3750e-universalk9-mz.122-55.SE5/c3750e-universalk9-mz.122-55.SE5
Móvil,10.10.66.111,A9KCHICONORTE,BOGOTA,ASR9K,Vigente,XR,5.3.4
Móvil,10.10.66.109,A9KDORADO,BOGOTA,ASR9K,Vigente,XR,5.3.4
Móvil,172.31.15.191,A9KGESTTELSUBA2,BOGOTA,ASR9K,Vigente,XR,5.3.4
Móvil,10.10.66.55,A9KORTEZAL2,BOGOTA,ASR9K,Vigente,XR,6.2.2
Móvil,10.10.66.76,A9KPATIOBONITO,BOGOTA,ASR9K,EoS,XR,5.3.4
Móvil,192.168.178.60,ARA-FWIVR-SW1,Not Info Yet,WS-C3750X-48,No Yet Cataloged,IOS,c3750e-universalk9-mz.122-55.SE5/c3750e-universalk9-mz.122-55.SE5
Móvil,192.168.178.61,ARA-FWIVR-SW2,Not Info Yet,WS-C3750X-48,No Yet Cataloged,IOS,c3750e-universalk9-mz.122-55.SE5/c3750e-universalk9-mz.122-55.SE5
Móvil,192.168.239.188,BA-NLC-NGNS-SW1,Not Info Yet,WS-C3750X-48,No Yet Cataloged,IOS,c3750e-universalk9-mz.122-55.SE5/c3750e-universalk9-mz.122-55.SE5
Móvil,192.168.239.189,BA-NLC-NGNS-SW2,Not Info Yet,WS-C3750X-48,No Yet Cataloged,IOS,c3750e-universalk9-mz.122-55.SE5/c3750e-universalk9-mz.122-55.SE5
Móvil,192.168.98.1,CAT01ING,Not Info Yet,WS-C6509-NEB-A,No Yet Cataloged,IOS,s72033-adventerprisek9_wan-mz.122-18.SXF5
Móvil,192.168.255.14,CAT6509_MED,Not Info Yet,WS-C6509-NEB-A,No Yet Cataloged,IOS,s72033-advipservicesk9_wan-mz.122-18.SXF10
Móvil,10.10.67.152,ICORTEZAL,BOGOTA,CRS-16/S-B,Vigente,XR,5.3.4
Móvil,10.10.67.172,ICTRIARA,BOGOTA,CRS-8/S,Vigente,XR,4.2.4
Móvil,172.30.16.162,ISWCACHECENTRO,BOGOTA,5672UP,EoL,NX-OS,n6000-uk9.7.0.1.N1.1
Móvil,172.30.16.166,ISWCACHECOT,BOGOTA,5672UP,EoL,NX-OS,n6000-uk9.7.0.5.N1.1
Móvil,172.30.31.229,ISWCACHEFONTIBON,BOGOTA,5672UP,EoL,NX-OS,n6000-uk9.7.0.1.N1.1
Móvil,172.30.31.194,ISWCACHEPOLO,BOGOTA,5672UP,EoL,NX-OS,n6000-uk9.7.0.1.N1.1
Móvil,172.30.31.225,ISWCACHEVENECIA,BOGOTA,5672UP,EoL,NX-OS,n6000-uk9.7.0.1.N1.1
Móvil,192.168.239.60,MD-NLC-NGNS-SW1,Not Info Yet,WS-C3750X-48,No Yet Cataloged,IOS,c3750e-universalk9-mz.122-55.SE5/c3750e-universalk9-mz.122-55.SE5
Móvil,192.168.239.61,MD-NLC-NGNS-SW2,Not Info Yet,WS-C3750X-48,No Yet Cataloged,IOS,c3750e-universalk9-mz.122-55.SE5/c3750e-universalk9-mz.122-55.SE5
Móvil,172.30.36.107,N5K_NGV_CLUSTER1,Not Info Yet,5672UP,EoL,NX-OS,n6000-uk9.7.1.4.N1.1
Móvil,172.30.36.108,N5K_NGV_CLUSTER2,Not Info Yet,5672UP,EoL,NX-OS,n6000-uk9.7.1.4.N1.1
Móvil,10.10.66.100,RRIPV6TOBERIN,BOGOTA,ASR1001-X,Vigente,XE,asr1001x-universalk9.03.16.02.S.155-3.S2-ext.SPA
Móvil,192.168.251.70,RT_GBOIP_VAD_1,Not Info Yet,2811,No Yet Cataloged,IOS,c2800nm-spservicesk9-mz.123-14.T7
Móvil,192.168.251.71,RT_GBOIP_VAD_2,Not Info Yet,2811,No Yet Cataloged,IOS,c2800nm-spservicesk9-mz.123-14.T7
Móvil,192.168.255.183,RT_PAS_TEC_A,Not Info Yet,2811,No Yet Cataloged,IOS,c2800nm-spservicesK9-mz.123-14.T7
Móvil,192.168.255.184,RT_PAS_TEC_B,Not Info Yet,2811,No Yet Cataloged,IOS,c2800nm-spservicesK9-mz.123-14.T7
Móvil,192.168.255.150,RT_VEN_TEC_P2_A,Not Info Yet,WS-C3750G-48TS,No Yet Cataloged,IOS,c3750-advipservicesk9-mz.122-46.SE
Móvil,192.168.251.93,RT_VEN_USSD_P2_A,Not Info Yet,WS-C3650-24PS,No Yet Cataloged,XE,"(CAT3K_CAA-UNIVERSALK9-M), Version 03.06.06E"
Móvil,192.168.251.94,RT_VEN_USSD_P2_B,Not Info Yet,WS-C3750G-24T,No Yet Cataloged,IOS,c3750-advipservicesk9-mz.122-46.SE
Móvil,192.168.211.252,RT_ZF_P1_TEC_A,Not Info Yet,2811,No Yet Cataloged,IOS,c2800nm-advipservicesk9-mz.124-17a
Móvil,192.168.211.253,RT_ZF_P1_TEC_B,Not Info Yet,2811,No Yet Cataloged,IOS,c2800nm-advipservicesk9-mz.124-17a
Móvil,192.168.255.95,RT01FLO_TEC,Not Info Yet,2811,No Yet Cataloged,IOS,c2800nm-entbasek9-mz.124-19b
Móvil,192.168.255.93,RT01NEI_TEC,Not Info Yet,2811,No Yet Cataloged,IOS,c2800nm-entbasek9-mz.124-19b
Móvil,192.168.104.4,RT01TEC_ALK,Not Info Yet,ASR1002,No Yet Cataloged,XE,asr1000rp1-adventerprisek9.03.07.04.S.152-4.S4
Móvil,192.168.104.1,RT01TEC_ARA,Not Info Yet,ASR1002,No Yet Cataloged,XE,asr1000rp1-adventerprisek9.03.07.04.S.152-4.S4
Móvil,192.168.104.13,RT01TEC_DIST_ACOPI,Not Info Yet,ASR1001,No Yet Cataloged,XE,asr1001-universalk9.03.07.04.S.152-4.S4
Móvil,192.168.104.30,RT01TEC_DIST_ALKARAWI,Not Info Yet,ASR1001,No Yet Cataloged,XE,asr1001-universalk9.03.07.04.S.152-4.S4
Móvil,192.168.255.175,RT01TEC_DIST_INGENIO,Not Info Yet,ASR1001,No Yet Cataloged,XE,asr1001-universalk9.03.07.04.S.152-4.S4
Móvil,192.168.104.25,RT01TEC_DIST_MED_MEG,Not Info Yet,ASR1001,No Yet Cataloged,XE,asr1001-universalk9.03.07.04.S.152-4.S4
Móvil,192.168.104.18,RT01TEC_DIST_PEREIRA,Not Info Yet,ASR1001,No Yet Cataloged,XE,asr1001-universalk9.03.07.04.S.152-4.S4
Móvil,192.168.104.21,RT01TEC_DIST_TOB,Not Info Yet,ASR1001,No Yet Cataloged,XE,asr1001-universalk9.03.07.04.S.152-4.S4
Móvil,192.168.104.11,RT01TEC_DIST_TRIARA_1,Not Info Yet,ASR1001,No Yet Cataloged,XE,asr1001-universalk9.03.07.04.S.152-4.S4
Móvil,192.168.104.19,RT01TEC_DIST_VENECIA,Not Info Yet,ASR1001,No Yet Cataloged,XE,asr1001-universalk9.03.07.04.S.152-4.S4
Móvil,192.168.104.3,RT01TEC_MEG,Not Info Yet,ASR1002,No Yet Cataloged,XE,asr1000rp1-adventerprisek9.03.07.04.S.152-4.S4
Móvil,192.168.104.2,RT01TEC_VEN,Not Info Yet,ASR1002,No Yet Cataloged,XE,asr1000rp1-adventerprisek9.03.07.04.S.152-4.S4
Móvil,192.168.255.88,RT02CUC_TEC,Not Info Yet,2811,No Yet Cataloged,IOS,c2800nm-entbasek9-mz.124-19b
Móvil,192.168.255.94,RT02IBA_TEC,Not Info Yet,2811,No Yet Cataloged,IOS,c2800nm-entbasek9-mz.124-19b
Móvil,192.168.104.54,RT02TEC_DIST_ACOPI,Not Info Yet,ASR1001,No Yet Cataloged,XE,asr1001-universalk9.03.07.04.S.152-4.S4
Móvil,192.168.104.45,RT02TEC_DIST_ALKARAWI,Not Info Yet,ASR1001,No Yet Cataloged,XE,asr1001-universalk9.03.07.04.S.152-4.S4
Móvil,192.168.104.59,RT02TEC_DIST_BUCAR,Not Info Yet,ASR1001,No Yet Cataloged,XE,asr1001-universalk9.03.07.04.S.152-4.S4
Móvil,192.168.255.176,RT02TEC_DIST_INGENIO,Not Info Yet,ASR1001,No Yet Cataloged,XE,asr1001-universalk9.03.07.04.S.152-4.S4
Móvil,192.168.104.47,RT02TEC_DIST_MED_MEG,Not Info Yet,ASR1001,No Yet Cataloged,XE,asr1001-universalk9.03.07.04.S.152-4.S4
Móvil,192.168.104.52,RT02TEC_DIST_PEREIRA,Not Info Yet,ASR1001,No Yet Cataloged,XE,asr1001-universalk9.03.07.04.S.152-4.S4
Móvil,192.168.104.53,RT02TEC_DIST_TOB,Not Info Yet,ASR1001,No Yet Cataloged,XE,asr1001-universalk9.03.07.04.S.152-4.S4
Móvil,192.168.104.12,RT02TEC_DIST_TRIARA_2,Not Info Yet,ASR1001,No Yet Cataloged,XE,asr1001-universalk9.03.07.04.S.152-4.S4
Móvil,192.168.104.33,RT02TEC_DIST_VENECIA,Not Info Yet,ASR1001,No Yet Cataloged,XE,asr1001-universalk9.03.07.04.S.152-4.S4
Móvil,192.168.255.86,RT02TUN_TEC,Not Info Yet,2811,No Yet Cataloged,IOS,c2800nm-entbasek9-mz.124-13f
Móvil,192.168.255.90,RT02VVO_TEC,Not Info Yet,2811,No Yet Cataloged,IOS,c2800nm-entbasek9-mz.124-19b
Móvil,192.168.71.240,RT-ARANDA-CLNS,Not Info Yet,2801,No Yet Cataloged,IOS,c2801-entbasek9-mz.124-19b
Móvil,192.168.78.240,RT-CALI-CLNS,Not Info Yet,2811,No Yet Cataloged,IOS,c2800nm-entbasek9-mz.124-19b
Móvil,192.168.255.43,RTCCM4_3,Not Info Yet,2811,No Yet Cataloged,IOS,c2800nm-ipbasek9-mz.124-25g
Móvil,192.168.255.81,RTCCM8_1,Not Info Yet,2811,No Yet Cataloged,IOS,c2800nm-ipbasek9-mz.124-25g
Móvil,192.168.200.169,RTCCM8_2,Not Info Yet,2811,No Yet Cataloged,IOS,c2800nm-ipbasek9-mz.124-25g
Móvil,192.168.255.147,RT-FONTIBON-CLNS,Not Info Yet,2801,No Yet Cataloged,IOS,c2801-entbasek9-mz.124-19b
Móvil,192.168.73.240,RT-MEDE-CLNS,Not Info Yet,2811,No Yet Cataloged,IOS,c2800nm-entbasek9-mz.124-19b
Móvil,192.168.255.139,RT-PARQUE-CLNS,Not Info Yet,2801,No Yet Cataloged,IOS,c2801-entbasek9-mz.124-19b
Móvil,192.168.79.243,RT-TOBERIN-CLNS,Not Info Yet,2801,No Yet Cataloged,IOS,c2801-entbasek9-mz.124-19b
Móvil,192.168.183.27,SW_20ENERO_TEC_A,Not Info Yet,WS-C3650-24TS,No Yet Cataloged,XE,cat3k_caa-universalk9.SPA.03.06.08.E.152-2.E8
Móvil,192.168.183.26,SW_20ENERO_TEC_B,Not Info Yet,WS-C3650-24TS,No Yet Cataloged,XE,cat3k_caa-universalk9.SPA.03.06.08.E.152-2.E8
Móvil,192.168.183.25,SW_20ENERO_TEC_C,Not Info Yet,WS-C3750G-24T,No Yet Cataloged,IOS,c3750-advipservicesk9-mz.122-46.SE
Móvil,192.168.24.219,SW_ACO_TEC_A,Not Info Yet,WS-C2960+48TC-L,No Yet Cataloged,IOS,c2960-lanbasek9-mz.152-4.E6
Móvil,192.168.24.216,SW_ACO_TEC_B,Not Info Yet,WS-C2960-48TC-L,No Yet Cataloged,IOS,c2960-lanbasek9-mz.122-50.SE3
Móvil,192.168.251.99,SW_ARA_TEC_C,Not Info Yet,WS-C3750G-48TS,No Yet Cataloged,XE,c3750-advipservicesk9-mz.122-46.SE
Móvil,192.168.255.117,SW_ARA_TEC_IN_A,Not Info Yet,WS-C3750G-48TS,No Yet Cataloged,IOS,c3750-ipservicesk9-mz.150-2.SE2
Móvil,192.168.255.118,SW_ARA_TEC_IN_B,Not Info Yet,WS-C3750G-48TS,No Yet Cataloged,IOS,c3750-ipservicesk9-mz.150-2.SE2
Móvil,192.168.61.34,SW_BUC_TEC_IN_A,Not Info Yet,WS-C3750G-24TS,No Yet Cataloged,IOS,c3750-advipservicesk9-mz.122-44.SE1
Móvil,192.168.61.58,SW_CCM2TEC_B,Not Info Yet,WS-C2960+24TC-L,No Yet Cataloged,IOS,c2960-lanbasek9-mz.152-4.E6
Móvil,192.168.170.27,SW_CUM_TEC_1,Not Info Yet,WS-C3650-24TS,No Yet Cataloged,XE,"(CAT3K_CAA-UNIVERSALK9-M), Version 03.06.06E"
Móvil,192.168.170.26,SW_CUM_TEC_2,Not Info Yet,WS-C3650-24TS,No Yet Cataloged,XE,"(CAT3K_CAA-UNIVERSALK9-M), Version 03.06.06E"
Móvil,192.168.255.122,SW_FON_TEC_A,Not Info Yet,WS-C3750-24TS,No Yet Cataloged,IOS,c3750-ipservicesk9-mz.122-25.SEE
Móvil,192.168.255.123,SW_FON_TEC_B,Not Info Yet,WS-C3750-24TS,No Yet Cataloged,IOS,c3750-ipservicesk9-mz.122-25.SEE
Móvil,192.168.251.54,SW_GBOIP_ACO_1,Not Info Yet,WS-C3560X-48,No Yet Cataloged,IOS,c3560e-universalk9-mz.122-55.SE5/c3560e-universalk9-mz.122-55.SE5
Móvil,192.168.251.55,SW_GBOIP_ACO_2,Not Info Yet,WS-C3750G-24T,No Yet Cataloged,IOS,c3750-advipservicesk9-mz.122-46.SE
Móvil,192.168.251.32,SW_GBOIP_ALK_1,Not Info Yet,WS-C3750G-24T,No Yet Cataloged,IOS,c3750-advipservicesk9-mz.122-46.SE
Móvil,192.168.251.33,SW_GBOIP_ALK_2,Not Info Yet,WS-C3750G-24T,No Yet Cataloged,IOS,c3750-advipservicesk9-mz.122-46.SE
Móvil,192.168.251.50,SW_GBOIP_ARA_1,Not Info Yet,WS-C3750G-48TS,No Yet Cataloged,IOS,c3750-advipservicesk9-mz.122-46.SE
Móvil,192.168.251.51,SW_GBOIP_ARA_2,Not Info Yet,WS-C3750G-48TS,No Yet Cataloged,IOS,c3750-advipservicesk9-mz.122-46.SE
Móvil,192.168.251.68,SW_GBOIP_BUC_1,Not Info Yet,WS-C3750G-24T,No Yet Cataloged,IOS,c3750-advipservicesk9-mz.122-46.SE
Móvil,192.168.251.69,SW_GBOIP_BUC_2,Not Info Yet,WS-C3750G-24T,No Yet Cataloged,IOS,c3750-advipservicesk9-mz.122-46.SE
Móvil,192.168.251.38,SW_GBOIP_CAR_1,Not Info Yet,WS-C3560X-48,No Yet Cataloged,IOS,c3560e-universalk9-mz.122-55.SE3/c3560e-universalk9-mz.122-55.SE3
Móvil,192.168.251.39,SW_GBOIP_CAR_2,Not Info Yet,WS-C3750G-24T,No Yet Cataloged,IOS,c3750-advipservicesk9-mz.122-46.SE
Móvil,192.168.251.42,SW_GBOIP_CUC_1,Not Info Yet,WS-C3750G-24T,No Yet Cataloged,IOS,c3750-advipservicesk9-mz.122-46.SE
Móvil,192.168.251.43,SW_GBOIP_CUC_2,Not Info Yet,WS-C3750G-24T,No Yet Cataloged,IOS,c3750-advipservicesk9-mz.122-46.SE
Móvil,192.168.251.34,SW_GBOIP_CUM_1,Not Info Yet,WS-C3750G-24T,No Yet Cataloged,IOS,c3750-advipservicesk9-mz.122-46.SE
Móvil,192.168.251.35,SW_GBOIP_CUM_2,Not Info Yet,WS-C3750G-24T,No Yet Cataloged,IOS,c3750-advipservicesk9-mz.122-46.SE
Móvil,192.168.251.78,SW_GBOIP_FLO_1,Not Info Yet,WS-C3560X-48,No Yet Cataloged,IOS,c3560e-universalk9-mz.122-55.SE1/c3560e-universalk9-mz.122-55.SE1
Móvil,192.168.251.36,SW_GBOIP_FON_1,Not Info Yet,WS-C3750G-24T,No Yet Cataloged,IOS,c3750-advipservicesk9-mz.122-46.SE
Móvil,192.168.251.37,SW_GBOIP_FON_2,Not Info Yet,WS-C3750G-24T,No Yet Cataloged,IOS,c3750-advipservicesk9-mz.122-46.SE
Móvil,192.168.251.76,SW_GBOIP_IBA_1,Not Info Yet,WS-C3560X-48,No Yet Cataloged,IOS,c3560e-universalk9-mz.122-55.SE3/c3560e-universalk9-mz.122-55.SE3
Móvil,192.168.251.77,SW_GBOIP_IBA_2,Not Info Yet,WS-C3560X-48,No Yet Cataloged,IOS,c3560e-universalk9-mz.122-55.SE3/c3560e-universalk9-mz.122-55.SE3
Móvil,192.168.251.56,SW_GBOIP_ING_1,Not Info Yet,WS-C3560X-48,No Yet Cataloged,IOS,c3560e-universalk9-mz.122-55.SE3/c3560e-universalk9-mz.122-55.SE3
Móvil,192.168.251.57,SW_GBOIP_ING_2,Not Info Yet,WS-C3750G-24T,No Yet Cataloged,IOS,c3750-advipservicesk9-mz.122-46.SE
Móvil,192.168.251.66,SW_GBOIP_MED_1,Not Info Yet,WS-C3560X-48,No Yet Cataloged,IOS,c3560e-universalk9-mz.122-55.SE3/c3560e-universalk9-mz.122-55.SE3
Móvil,192.168.251.67,SW_GBOIP_MED_2,Not Info Yet,WS-C3750G-48TS,No Yet Cataloged,IOS,c3750-advipservicesk9-mz.122-46.SE
Móvil,192.168.251.52,SW_GBOIP_NEI_1,Not Info Yet,WS-C3560X-48,No Yet Cataloged,IOS,c3560e-universalk9-mz.122-55.SE3/c3560e-universalk9-mz.122-55.SE3
Móvil,192.168.251.53,SW_GBOIP_NEI_2,Not Info Yet,WS-C3750G-24T,No Yet Cataloged,IOS,c3750-advipservicesk9-mz.122-46.SE
Móvil,192.168.251.72,SW_GBOIP_PAR_1,Not Info Yet,WS-C3750G-24T,No Yet Cataloged,IOS,c3750-advipservicesk9-mz.122-46.SE
Móvil,192.168.251.73,SW_GBOIP_PAR_2,Not Info Yet,WS-C3750G-24T,No Yet Cataloged,IOS,c3750-advipservicesk9-mz.122-46.SE
Móvil,192.168.251.58,SW_GBOIP_PAS_1,Not Info Yet,WS-C3560X-48,No Yet Cataloged,IOS,c3560e-universalk9-mz.122-55.SE3/c3560e-universalk9-mz.122-55.SE3
Móvil,192.168.251.59,SW_GBOIP_PAS_2,Not Info Yet,WS-C3750G-24T,No Yet Cataloged,IOS,c3750-advipservicesk9-mz.122-46.SE
Móvil,192.168.251.62,SW_GBOIP_PER_1,Not Info Yet,WS-C3560X-48,No Yet Cataloged,IOS,c3560e-universalk9-mz.122-55.SE3/c3560e-universalk9-mz.122-55.SE3
Móvil,192.168.251.63,SW_GBOIP_PER_2,Not Info Yet,WS-C3750G-24T,No Yet Cataloged,IOS,c3750-advipservicesk9-mz.122-46.SE
Móvil,192.168.251.46,SW_GBOIP_PRA_1,Not Info Yet,WS-C3750G-24T,No Yet Cataloged,IOS,c3750-advipservicesk9-mz.122-46.SE
Móvil,192.168.251.47,SW_GBOIP_PRA_2,Not Info Yet,WS-C3750G-24T,No Yet Cataloged,IOS,c3750-advipservicesk9-mz.122-46.SE
Móvil,192.168.251.64,SW_GBOIP_SIN_1,Not Info Yet,WS-C3560X-48,No Yet Cataloged,IOS,c3560e-universalk9-mz.122-55.SE3/c3560e-universalk9-mz.122-55.SE3
Móvil,192.168.251.65,SW_GBOIP_SIN_2,Not Info Yet,WS-C3750G-24TS-1U,No Yet Cataloged,IOS,c3750-advipservicesk9-mz.122-46.SE
Móvil,192.168.251.40,SW_GBOIP_STA_1,Not Info Yet,WS-C3560X-48,No Yet Cataloged,IOS,c3560e-universalk9-mz.122-55.SE3/c3560e-universalk9-mz.122-55.SE3
Móvil,192.168.251.41,SW_GBOIP_STA_2,Not Info Yet,WS-C3750G-24T,No Yet Cataloged,IOS,c3750-advipservicesk9-mz.122-44.SE2
Móvil,192.168.251.48,SW_GBOIP_TOB_1,Not Info Yet,WS-C3750G-24T,No Yet Cataloged,IOS,c3750-advipservicesk9-mz.122-46.SE
Móvil,192.168.251.49,SW_GBOIP_TOB_2,Not Info Yet,WS-C3750G-24T,No Yet Cataloged,IOS,c3750-advipservicesk9-mz.122-46.SE
Móvil,192.168.251.80,SW_GBOIP_TUN_1,Not Info Yet,WS-C3560X-48,No Yet Cataloged,IOS,c3560e-universalk9-mz.122-55.SE3/c3560e-universalk9-mz.122-55.SE3
Móvil,192.168.251.81,SW_GBOIP_TUN_2,Not Info Yet,WS-C3560X-48,No Yet Cataloged,IOS,c3560e-universalk9-mz.122-55.SE3/c3560e-universalk9-mz.122-55.SE3
Móvil,192.168.251.60,SW_GBOIP_VEN_1,Not Info Yet,WS-C3750G-48TS,No Yet Cataloged,IOS,c3750-advipservicesk9-mz.122-46.SE
Móvil,192.168.251.84,SW_GBOIP_VEN_3,Not Info Yet,WS-C3750G-48TS,No Yet Cataloged,IOS,c3750-advipservicesk9-mz.122-46.SE
Móvil,192.168.251.85,SW_GBOIP_VEN_4,Not Info Yet,WS-C3750G-48TS,No Yet Cataloged,IOS,c3750-advipservicesk9-mz.122-46.SE
Móvil,192.168.251.74,SW_GBOIP_VVO_1,Not Info Yet,WS-C3560X-48,No Yet Cataloged,IOS,c3560e-universalk9-mz.122-55.SE3/c3560e-universalk9-mz.122-55.SE3
Móvil,192.168.251.75,SW_GBOIP_VVO_2,Not Info Yet,WS-C3560X-48,No Yet Cataloged,IOS,c3560e-universalk9-mz.122-55.SE3/c3560e-universalk9-mz.122-55.SE3
Móvil,192.168.202.66,SW_GESTION_SAM,Not Info Yet,WS-C3750-48TS,No Yet Cataloged,IOS,c3750-ipservicesk9-mz.122-40.SE
Móvil,192.168.174.58,SW_ING_TEC_IN_C,Not Info Yet,WS-C3560X-48,No Yet Cataloged,IOS,c3560e-universalk9-mz.122-55.SE5/c3560e-universalk9-mz.122-55.SE5
Móvil,192.168.182.32,SW_ING_TEC_IN_D,Not Info Yet,WS-C3560X-48,No Yet Cataloged,IOS,c3560e-universalk9-mz.122-55.SE5/c3560e-universalk9-mz.122-55.SE5
Móvil,192.168.104.65,SW_MED_MEG_TEC_A,Not Info Yet,WS-C3750X-48,No Yet Cataloged,IOS,c3750e-universalk9-mz.122-55.SE5/c3750e-universalk9-mz.122-55.SE5
Móvil,192.168.104.67,SW_MEG_ARIESO_BACK_END,Not Info Yet,WS-C3750X-48,No Yet Cataloged,IOS,c3750e-universalk9-mz.122-55.SE5/c3750e-universalk9-mz.122-55.SE5
Móvil,192.168.104.66,SW_MEG_ARIESO_FRONT_END,Not Info Yet,WS-C3750X-48,No Yet Cataloged,IOS,c3750e-universalk9-mz.122-55.SE5/c3750e-universalk9-mz.122-55.SE5
Móvil,192.168.172.27,SW_NEC_MED,Not Info Yet,WS-C2960+24TC-S,No Yet Cataloged,IOS,c2960-lanlitek9-mz.152-2.E6/c2960-lanlitek9-mz.152-2.E6
Móvil,172.30.36.105,SW_NGV_AGG_BKP,Not Info Yet,WS-C4948E,EoS,IOS,cat4500e-entservicesk9-mz.150-2.SG10
Móvil,172.30.36.104,SW_NGV_AGG_PPAL,Not Info Yet,WS-C4948E,EoS,IOS,cat4500e-entservicesk9-mz.150-2.SG10
Móvil,172.30.36.110,SW_NGV_CD_BK,Not Info Yet,WS-C3560X-48,EoS,IOS,c3560e-universalk9-mz.122-55.SE8/c3560e-universalk9-mz.122-55.SE8
Móvil,172.30.36.102,SW_NGV_ING_PPAL,Not Info Yet,WS-C4948E,EoS,IOS,cat4500e-entservicesk9-mz.150-2.SG10
Móvil,172.30.36.103,SW_NGV_INGRESS_BKP,Not Info Yet,WS-C4948E,EoS,IOS,cat4500e-entservicesk9-mz.150-2.SG10
Móvil,172.30.36.109,SW_NGV_KMS,Not Info Yet,WS-C4948,Obsoleto,IOS,cat4500-entservicesk9-mz.150-2.SG10
Móvil,192.168.255.41,SW_PAR_TEC_A,Not Info Yet,WS-C3750X-48,No Yet Cataloged,IOS,c3750e-universalk9npe-mz.150-1.SE3/c3750e-universalk9npe-mz.150-1.SE3
Móvil,192.168.174.153,SW_PAS_TEC_A,Not Info Yet,WS-C2960-24TT-L,No Yet Cataloged,IOS,c2960-lanbasek9-mz.122-50.SE3
Móvil,192.168.174.154,SW_PAS_TEC_B,Not Info Yet,WS-C2960-24TT-L,No Yet Cataloged,IOS,c2960-lanbasek9-mz.122-50.SE3
Móvil,192.168.255.115,SW_PRA_TEC_IN_A,Not Info Yet,WS-C3750G-24TS,No Yet Cataloged,IOS,c3750-ipservicesk9-mz.122-25.SEE
Móvil,192.168.237.186,SW_SAN_ANDRES_1,Not Info Yet,WS-C2950G-24-EI-DC,No Yet Cataloged,IOS,c2950-i6k2l2q4-mz.121-22.EA14
Móvil,192.168.237.187,SW_SAN_ANDRES_2,Not Info Yet,WS-C2950G-24-EI-DC,No Yet Cataloged,IOS,c2950-i6k2l2q4-mz.121-22.EA14
Móvil,192.168.174.107,SW_TEC_ALK_1,Not Info Yet,WS-C2960+24TC-L,No Yet Cataloged,IOS,c2960-lanbasek9-mz.150-2.SE8/c2960-lanbasek9-mz.150-2.SE8
Móvil,192.168.255.127,SW_TOB_TEC_A,Not Info Yet,WS-C3750-24TS,No Yet Cataloged,IOS,c3750-ipservicesk9-mz.122-25.SEE
Móvil,192.168.255.128,SW_TOB_TEC_B,Not Info Yet,WS-C3750G-48TS,No Yet Cataloged,IOS,c3750-ipservicesk9-mz.150-2.SE2
Móvil,192.168.251.123,SW_TOB_TEC_C,Not Info Yet,WS-C3750G-48TS,No Yet Cataloged,IOS,c3750-advipservicesk9-mz.122-46.SE
Móvil,192.168.104.73,SW_TRI_TEC_B,Not Info Yet,WS-C3750X-48,No Yet Cataloged,IOS,c3750e-universalk9-mz.122-55.SE5/c3750e-universalk9-mz.122-55.SE5
Móvil,192.168.174.75,SW_VEN_TEC_A,Not Info Yet,WS-C2960-48TC-L,No Yet Cataloged,IOS,c2960-lanbasek9-mz.122-50.SE3
Móvil,192.168.174.74,SW_VEN_TEC_B,Not Info Yet,WS-C3750G-48TS,No Yet Cataloged,IOS,c3750-ipbasek9-mz.150-2.SE4
Móvil,192.168.177.42,SW_VEN_TEC_P2_A,Not Info Yet,WS-C2960-48TT-L,No Yet Cataloged,IOS,c2960-lanbasek9-mz.150-2.SE4
Móvil,192.168.177.43,SW_VEN_TEC_P2_B,Not Info Yet,WS-C2960-48TT-L,No Yet Cataloged,IOS,c2960-lanbasek9-mz.150-2.SE4
Móvil,192.168.177.251,SW_VEN_TEC_P2_C,Not Info Yet,WS-C2960-48TC-L,No Yet Cataloged,IOS,c2960-lanbasek9-mz.122-44.SE6/c2960-lanbasek9-mz.122-44.SE6
Móvil,192.168.177.250,SW_VEN_TEC_P2_D,Not Info Yet,WS-C3750X-48,No Yet Cataloged,IOS,c3750e-universalk9-mz.122-55.SE5/c3750e-universalk9-mz.122-55.SE5
Móvil,192.168.211.186,SW_ZF_P1_TEC_A,Not Info Yet,WS-C2960-24TT-L,No Yet Cataloged,IOS,c2960-lanbasek9-mz.122-50.SE3
Móvil,192.168.211.187,SW_ZF_P1_TEC_B,Not Info Yet,WS-C2960-24TT-L,No Yet Cataloged,IOS,c2960-lanbasek9-mz.122-50.SE3
Móvil,192.168.173.109,SW01FLO_TEC,Not Info Yet,WS-C2950G-24-EI-DC,No Yet Cataloged,IOS,c2950-i6k2l2q4-mz.121-22.EA14
Móvil,192.168.129.26,SW01NEI_TEC,Not Info Yet,WS-C2950-12,No Yet Cataloged,IOS,c2950-i6k2l2q4-mz.121-22.EA14
Móvil,192.168.50.40,SW01NEMU_HLRWS_ARA,Not Info Yet,WS-C2960-24TT-L,No Yet Cataloged,IOS,c2960-lanbasek9-mz.122-37.SE1
Móvil,192.168.245.145,SW01NEMU_HLRWS_BUC,Not Info Yet,WS-C2960-48TT-L,No Yet Cataloged,IOS,c2960-lanbasek9-mz.122-37.SE1
Móvil,192.168.90.47,SW01NEMU_HLRWS_FON,Not Info Yet,WS-C2960-24TT-L,No Yet Cataloged,IOS,c2960-lanbasek9-mz.122-37.SE1
Móvil,192.168.31.178,SW01NEMU_HLRWS_PRA,Not Info Yet,WS-C2960-24TT-L,No Yet Cataloged,IOS,c2960-lanbasek9-mz.122-37.SE1
Móvil,192.168.25.59,SW01PRA_TEC,Not Info Yet,WS-C3550-24,No Yet Cataloged,IOS,c3550-ipservicesk9-mz.122-40.SE
Móvil,192.168.104.86,SW01TEC_DIST_ACO,Not Info Yet,WS-C3750X-48,No Yet Cataloged,IOS,c3750e-universalk9-mz.122-55.SE5
Móvil,192.168.174.205,SW02CUC_TEC,Not Info Yet,WS-C2950G-24-EI-DC,No Yet Cataloged,IOS,c2950-i6k2l2q4-mz.121-22.EA14
Móvil,192.168.50.41,SW02NEMU_HLRWS_ARA,Not Info Yet,WS-C2960-24TT-L,No Yet Cataloged,IOS,c2960-lanbasek9-mz.122-37.SE1
Móvil,192.168.245.146,SW02NEMU_HLRWS_BUC,Not Info Yet,WS-C2960-48TT-L,No Yet Cataloged,IOS,c2960-lanbasek9-mz.122-37.SE1
Móvil,192.168.90.48,SW02NEMU_HLRWS_FON,Not Info Yet,WS-C2960-24TT-L,No Yet Cataloged,IOS,c2960-lanbasek9-mz.122-37.SE1
Móvil,192.168.31.179,SW02NEMU_HLRWS_PRA,Not Info Yet,WS-C2960-24TT-L,No Yet Cataloged,IOS,c2960-lanbasek9-mz.122-37.SE1
Móvil,192.168.177.139,SW02TEC_ALK,Not Info Yet,WS-C2960-48TT-L,No Yet Cataloged,IOS,c2960-lanbasek9-mz.122-58.SE2
Móvil,192.168.173.117,SW02TUN_TEC,Not Info Yet,WS-C2950-12,No Yet Cataloged,IOS,c2950-i6k2l2q4-mz.121-22.EA14
Móvil,192.168.174.173,SW02VVO_TEC,Not Info Yet,WS-C2950G-24-EI-DC,No Yet Cataloged,IOS,c2950-i6k2l2q4-mz.121-22.EA14
Móvil,192.168.174.172,SW03VVO_TEC,Not Info Yet,WS-C2960-48TT-L,No Yet Cataloged,IOS,c2960-lanbasek9-mz.122-50.SE5/c2960-lanbasek9-mz.122-50.SE5
Móvil,192.168.78.6,SW-CALI-CLNS,Not Info Yet,WS-C2960+24TC-S,No Yet Cataloged,IOS,c2960-lanlitek9-mz.152-2.E6/c2960-lanlitek9-mz.152-2.E6
Móvil,192.168.25.93,SWCCM2_NEW_1_TEC,Not Info Yet,WS-C2960+24TC-L,No Yet Cataloged,IOS,c2960-lanbasek9-mz.152-4.E6
Móvil,192.168.172.67,SWCCM4_1,Not Info Yet,WS-C2960-24TT-L,No Yet Cataloged,IOS,c2960-lanbasek9-mz.122-58.SE2
Móvil,192.168.172.68,SWCCM4_2,Not Info Yet,WS-C2960-48PST-S,No Yet Cataloged,IOS,c2960-lanlitek9-mz.122-55.SE7/c2960-lanlitek9-mz.122-55.SE7
Móvil,192.168.172.21,SWCCM5_1,Not Info Yet,WS-C3750G-24TS-1U,No Yet Cataloged,IOS,c3750-ipservicesk9-mz.150-2.SE4
Móvil,192.168.172.22,SWCCM5_2,Not Info Yet,WS-C2960-48TC-L,No Yet Cataloged,IOS,c2960-lanbasek9-mz.122-58.SE2
Móvil,192.168.172.24,SWCCM5_3,Not Info Yet,WS-C3560X-48,No Yet Cataloged,IOS,c3560e-universalk9-mz.122-55.SE5/c3560e-universalk9-mz.122-55.SE5
Móvil,192.168.172.25,SWCCM5_4,Not Info Yet,WS-C2960-48TT-L,No Yet Cataloged,IOS,c2960-lanbasek9-mz.122-58.SE2
Móvil,192.168.172.59,SWCCM7_1,Not Info Yet,WS-C2960X-24TD-L,No Yet Cataloged,IOS,c2960x-universalk9-mz.152-2.E3/c2960x-universalk9-mz.152-2.E3
Móvil,192.168.172.60,SWCCM7_2,Not Info Yet,WS-C2960X-24TD-L,No Yet Cataloged,IOS,c2960x-universalk9-mz.152-2.E3/c2960x-universalk9-mz.152-2.E3
Móvil,192.168.172.58,SWCCM7_3,Not Info Yet,WS-C2960-48TC-L,No Yet Cataloged,IOS,c2960-lanbasek9-mz.122-44.SE6/c2960-lanbasek9-mz.122-44.SE6
Móvil,192.168.172.57,SWCCM7_4,Not Info Yet,WS-C2960-48TT-L,No Yet Cataloged,IOS,c2960-lanbasek9-mz.122-44.SE6
Móvil,192.168.104.93,SWCCM7_L3,Not Info Yet,WS-C3750X-48,No Yet Cataloged,IOS,c3750e-universalk9npe-mz.150-1.SE3/c3750e-universalk9npe-mz.150-1.SE3
Móvil,192.168.177.208,SWCCMVEN1_TER_GPRS,Not Info Yet,WS-C3750G-48TS,No Yet Cataloged,IOS,"(C3750-ADVIPSERVICESK9-M), Version 12.2(44)SE2"
Móvil,192.168.22.9,SWL01PRA,Not Info Yet,WS-C6509-E,No Yet Cataloged,IOS,s72033-advipservicesk9_wan-mz.122-18.SXF10a
Móvil,192.168.73.6,SW-MEDE-CLNS,Not Info Yet,WS-C2950-12,No Yet Cataloged,IOS,c2950-i6k2l2q4-mz.121-22.EA14
Móvil,10.10.63.34,THBAMARRUECOS,BOGOTA,ASR9K,Vigente,XR,4.3.4
Móvil,10.10.63.10,THBASOACHA,BOGOTA,ASR9K,Vigente,XR,4.3.4
Móvil,10.10.63.11,THBATINTAL,BOGOTA,ASR9K,Vigente,XR,4.3.4
Móvil,10.10.63.4,THBATVSUBA2,BOGOTA,ASR9K,Obsoleto,XR,5.3.4
Red Técnica Móvil,10.70.10.12,ALK-NAP-SW1,Not Info Yet,WS-C3750X-48,No Yet Cataloged,IOS,c3750e-universalk9-mz.122-55.SE5/c3750e-universalk9-mz.122-55.SE5
Red Técnica Móvil,10.70.11.111,ALK-NAP-SW2,Not Info Yet,WS-C3750X-48,No Yet Cataloged,IOS,c3750e-universalk9-mz.122-55.SE5/c3750e-universalk9-mz.122-55.SE5
Red Técnica Móvil,192.168.6.131,ASR01ING,CALI,ASR9K,No Yet Cataloged,XR,4.3.4
Red Técnica Móvil,10.68.86.3,ASR01MED,MEDELLIN,ASR9K,No Yet Cataloged,XR,5.3.4
Red Técnica Móvil,10.68.99.11,ASR01MEG,Medellin,ASR9K,No Yet Cataloged,XR,4.3.4
Red Técnica Móvil,10.70.162.131,ASR01SIN,SINCELEJO,ASR9K,No Yet Cataloged,XR,4.3.4
Red Técnica Móvil,10.67.44.3,ASR01TRIM,BOGOTA,ASR9K,No Yet Cataloged,XR,5.3.4
Red Técnica Móvil,192.168.7.7,ASR01VEN,BOGOTA,ASR9K,No Yet Cataloged,XR,5.3.4
Red Técnica Móvil,192.168.6.134,ASR02ING,CALI,ASR9K,No Yet Cataloged,XR,4.3.4
Red Técnica Móvil,10.68.86.131,ASR02MED,MEDELLIN,ASR9K,No Yet Cataloged,XR,5.3.4
Red Técnica Móvil,10.68.99.14,ASR02MEG,Medellin,ASR9K,No Yet Cataloged,XR,4.3.4
Red Técnica Móvil,10.70.162.134,ASR02SIN,SINCELEJO,ASR9K,No Yet Cataloged,XR,4.3.4
Red Técnica Móvil,10.67.44.6,ASR02TRIM,BOGOTA,ASR9K,No Yet Cataloged,XR,5.3.4
Red Técnica Móvil,192.168.7.10,ASR02VEN,BOGOTA,ASR9K,No Yet Cataloged,XR,5.3.4
Red Técnica Móvil,10.64.4.6,ASR1004ARA_A,Not Info Yet,ASR1004,No Yet Cataloged,XE,asr1000rp2-adventerprisek9.03.05.01.S.152-1.S1
Red Técnica Móvil,192.168.70.29,ASR1004VEN_A,Not Info Yet,ASR1004,No Yet Cataloged,XE,asr1000rp2-adventerprisek9.03.05.01.S.152-1.S1
Red Técnica Móvil,192.168.6.1,CRS01ALK,BARRANQUILLA,CRS-8/S-B,No Yet Cataloged,XR,4.3.2
Red Técnica Móvil,192.168.56.23,CRS01ARA,BOGOTA,CRS-8/S,No Yet Cataloged,XR,6.2.3
Red Técnica Móvil,192.168.195.51,CRS01CAL,CALI,CRS-8/S,No Yet Cataloged,XR,4.3.2
Red Técnica Móvil,192.168.31.74,CRS01MED,Medellin,CRS-8/S,No Yet Cataloged,XR,4.3.2
Red Técnica Móvil,192.168.31.184,CRS01PRA,BOGOTA,CRS-8/S,No Yet Cataloged,XR,4.3.2
Red Técnica Móvil,192.168.118.90,CRS01VEN,BOGOTA,CRS-8/S-B,No Yet Cataloged,XR,4.3.2
Red Técnica Móvil,192.168.6.14,ISPCRS01_ALK,BARRANQUILLA,CRS-8/S-B,No Yet Cataloged,XR,5.1.4
Red Técnica Móvil,192.168.6.137,ISPCRS01_ING,CALI,CRS-8/S-B,No Yet Cataloged,XR,5.1.4
Red Técnica Móvil,10.68.103.52,ISPCRS01_MEG,Medellin,CRS-8/S-B,No Yet Cataloged,XR,5.1.4
Red Técnica Móvil,10.67.45.68,ISPCRS01_TRI,BOGOTA,CRS-8/S-B,No Yet Cataloged,XR,5.1.4
Red Técnica Móvil,10159247251,ISPCRS01_VEN,Not Info Yet,CRS-8/S-B,No Yet Cataloged,XR,5.1.4
Red Técnica Móvil,10.68.109.143,NX01MEG,MEDELLIN,C7710,No Yet Cataloged,NX-OS,n7700-s2-dk9.6.2.16
Red Técnica Móvil,10.67.102.23,NX01TRIM,Not Info Yet,C9504,No Yet Cataloged,NX-OS,nxos.7.0.3.I7.4
Red Técnica Móvil,10.68.109.144,NX02MEG,MEDELLIN,C7710,No Yet Cataloged,NX-OS,n7700-s2-dk9.6.2.16
Red Técnica Móvil,10.67.102.24,NX02TRIM,Not Info Yet,C9504,No Yet Cataloged,NX-OS,nxos.7.0.3.I7.4
Red Técnica Móvil,10.64.8.162,RT_TER_GPRS_VEN_P1,Not Info Yet,CISCO3925,No Yet Cataloged,IOS,c3900-universalk9-mz.SPA.155-1.T2
Red Técnica Móvil,192.168.132.3,RT01ALK,BARRANQUILLA,CISCO7609,No Yet Cataloged,IOS,c7600s72033-advipservicesk9-mz.122-33.SRC5
Red Técnica Móvil,192.168.30.2,RT01ARA,BOGOTA,CISCO7609,No Yet Cataloged,IOS,c7600s72033-adventerprisek9-mz.153-3.S6
Red Técnica Móvil,192.168.30.137,RT01BAR,BARRANQUILLA,CISCO7609,No Yet Cataloged,IOS,c7600s72033-adventerprisek9-mz.153-3.S6
Red Técnica Móvil,192.168.30.249,RT01BUC,BUCARAMANGA,CISCO7609,No Yet Cataloged,IOS,c7600s72033-adventerprisek9-mz.153-3.S6
Red Técnica Móvil,192.168.30.75,RT01CAL,CALI,CISCO7609,No Yet Cataloged,IOS,c7600s72033-adventerprisek9-mz.153-3.S6
Red Técnica Móvil,192.168.31.5,RT01CAR,CARTAGENA,CISCO7609,No Yet Cataloged,IOS,c7600s72033-adventerprisek9-mz.153-3.S6
Red Técnica Móvil,192.168.90.249,RT01FON,BOGOTA,CISCO7609,No Yet Cataloged,IOS,c7600s72033-adventerprisek9-mz.153-3.S6
Red Técnica Móvil,192.168.92.249,RT01ING,CALI,CISCO7609,No Yet Cataloged,IOS,c7600s72033-adventerprisek9-mz.153-3.S3
Red Técnica Móvil,10.70.96.32,RT01MAR,CARTAGENA,CISCO7609-S,No Yet Cataloged,IOS,c7600rsp72043-adventerprisek9-mz.153-3.S6
Red Técnica Móvil,192.168.31.75,RT01MED,Medellin,CISCO7609,No Yet Cataloged,IOS,c7600s72033-advipservicesk9-mz.122-33.SRC5
Red Técnica Móvil,192.168.89.249,RT01NEI,NEIVA,CISCO7609,No Yet Cataloged,IOS,c7600s72033-adventerprisek9-mz.153-3.S6
Red Técnica Móvil,192.168.140.7,RT01PAS,PASTO,CISCO7609,No Yet Cataloged,IOS,c7600s72033-adventerprisek9-mz.153-3.S6
Red Técnica Móvil,192.168.51.172,RT01PER,PEREIRA,CISCO7609,No Yet Cataloged,IOS,c7600s72033-adventerprisek9-mz.153-3.S6
Red Técnica Móvil,192.168.31.175,RT01PRA,BOGOTA,CISCO7609,No Yet Cataloged,IOS,c7600s72033-adventerprisek9-mz.153-3.S6
Red Técnica Móvil,192.168.104.24,RT01TEC_DIS_MED_CENTRO,Not Info Yet,ASR1001,No Yet Cataloged,XE,asr1001-universalk9.03.07.04.S.152-4.S4
Red Técnica Móvil,192.168.104.22,RT01TEC_DIST_BUCAR,Not Info Yet,ASR1001,No Yet Cataloged,XE,asr1001-universalk9.03.07.04.S.152-4.S4
Red Técnica Móvil,192.168.255.205,RT01TEC_DIST_CUMBRE,Not Info Yet,ASR1001,No Yet Cataloged,XE,asr1001-universalk9.03.07.04.S.152-4.S4
Red Técnica Móvil,192.168.104.26,RT01TEC_DIST_CUMBRE,Not Info Yet,ASR1001,No Yet Cataloged,XE,asr1001-universalk9.03.07.04.S.152-4.S4
Red Técnica Móvil,192.168.255.167,RT01TEC_DIST_SINCELEJO,Not Info Yet,ASR1001,No Yet Cataloged,XE,asr1001-universalk9.03.07.04.S.152-4.S4
Red Técnica Móvil,192.168.104.28,RT01TEC_DIST_SINCELEJO,Not Info Yet,ASR1001,No Yet Cataloged,XE,asr1001-universalk9.03.07.04.S.152-4.S4
Red Técnica Móvil,192.168.104.29,RT01TEC_DIST_TURBACO,Not Info Yet,ASR1001-X,No Yet Cataloged,XE,asr1001x-universalk9.16.03.07.SPA
Red Técnica Móvil,10.10.110.1,RT01TEC_DIST_TURBACO,Not Info Yet,ASR1001-X,No Yet Cataloged,XE,asr1001x-universalk9.16.03.07.SPA
Red Técnica Móvil,192.168.67.249,RT01TOB,BOGOTA,CISCO7609,No Yet Cataloged,IOS,c7600s72033-adventerprisek9-mz.153-3.S6
Red Técnica Móvil,192.168.118.57,RT01TRI,BOGOTA,CISCO7609-S,No Yet Cataloged,IOS,c7600s72033-advipservicesk9-mz.122-33.SRE6
Red Técnica Móvil,10.67.98.128,RT01TRIM,BOGOTA,CISCO7609-S,No Yet Cataloged,IOS,c7600rsp72043-adventerprisek9-mz.153-3.S6
Red Técnica Móvil,192168134249,RT01VEN,Not Info Yet,CISCO7609,No Yet Cataloged,IOS,c7600s72033-adventerprisek9-mz.122-33.SRE9
Red Técnica Móvil,192.168.132.4,RT02ALK,BARRANQUILLA,CISCO7609,No Yet Cataloged,IOS,c7600s72033-advipservicesk9-mz.122-33.SRC5
Red Técnica Móvil,192.168.30.3,RT02ARA,BOGOTA,CISCO7609,No Yet Cataloged,IOS,c7600s72033-adventerprisek9-mz.153-3.S6
Red Técnica Móvil,192.168.30.138,RT02BAR,BARRANQUILLA,CISCO7609,No Yet Cataloged,IOS,c7600s72033-adventerprisek9-mz.153-3.S6
Red Técnica Móvil,192.168.30.250,RT02BUC,BUCARAMANGA,CISCO7609,No Yet Cataloged,IOS,c7600s72033-adventerprisek9-mz.153-3.S6
Red Técnica Móvil,192.168.30.76,RT02CAL,CALI,CISCO7609,No Yet Cataloged,IOS,c7600s72033-adventerprisek9-mz.153-3.S6
Red Técnica Móvil,192.168.31.6,RT02CAR,CARTAGENA,CISCO7609,No Yet Cataloged,IOS,c7600s72033-adventerprisek9-mz.153-3.S6
Red Técnica Móvil,192.168.90.250,RT02FON,BOGOTA,CISCO7609,No Yet Cataloged,IOS,c7600s72033-adventerprisek9-mz.153-3.S6
Red Técnica Móvil,192.168.92.250,RT02ING,CALI,CISCO7609,No Yet Cataloged,IOS,c7600s72033-adventerprisek9-mz.153-3.S3
Red Técnica Móvil,10.70.96.33,RT02MAR,CARTAGENA,CISCO7609-S,No Yet Cataloged,IOS,c7600rsp72043-adventerprisek9-mz.153-3.S6
Red Técnica Móvil,192.168.31.76,RT02MED,Medellin,CISCO7609,No Yet Cataloged,IOS,c7600s72033-advipservicesk9-mz.122-33.SRC5
Red Técnica Móvil,192.168.89.250,RT02NEI,NEIVA,CISCO7609,No Yet Cataloged,IOS,c7600s72033-adventerprisek9-mz.153-3.S6
Red Técnica Móvil,192.168.140.8,RT02PAS,PASTO,CISCO7609,No Yet Cataloged,IOS,c7600s72033-adventerprisek9-mz.153-3.S6
Red Técnica Móvil,192.168.51.173,RT02PER,PEREIRA,CISCO7609,No Yet Cataloged,IOS,c7600s72033-adventerprisek9-mz.153-3.S6
Red Técnica Móvil,192.168.31.176,RT02PRA,BOGOTA,CISCO7609,No Yet Cataloged,IOS,c7600s72033-adventerprisek9-mz.153-3.S6
Red Técnica Móvil,192.168.104.46,RT02TEC_DIS_MED_CENTRO,Not Info Yet,ASR1001,No Yet Cataloged,XE,asr1001-universalk9.03.07.04.S.152-4.S4
Red Técnica Móvil,192.168.255.206,RT02TEC_DIST_CUMBRE,Not Info Yet,ASR1001,No Yet Cataloged,XE,asr1001-universalk9.03.07.04.S.152-4.S4
Red Técnica Móvil,192.168.104.58,RT02TEC_DIST_CUMBRE,Not Info Yet,ASR1001,No Yet Cataloged,XE,asr1001-universalk9.03.07.04.S.152-4.S4
Red Técnica Móvil,192.168.255.168,RT02TEC_DIST_SINCELEJO,Not Info Yet,ASR1001,No Yet Cataloged,XE,asr1001-universalk9.03.07.04.S.152-4.S4
Red Técnica Móvil,192.168.104.56,RT02TEC_DIST_SINCELEJO,Not Info Yet,ASR1001,No Yet Cataloged,XE,asr1001-universalk9.03.07.04.S.152-4.S4
Red Técnica Móvil,192.168.104.55,RT02TEC_DIST_TURBACO,Not Info Yet,ASR1001-X,No Yet Cataloged,XE,asr1001x-universalk9.16.03.07.SPA
Red Técnica Móvil,10.10.110.250,RT02TEC_DIST_TURBACO,Not Info Yet,ASR1001-X,No Yet Cataloged,XE,asr1001x-universalk9.16.03.07.SPA
Red Técnica Móvil,192.168.67.250,RT02TOB,BOGOTA,CISCO7609,No Yet Cataloged,IOS,c7600s72033-adventerprisek9-mz.153-3.S6
Red Técnica Móvil,192.168.118.58,RT02TRI,BOGOTA,CISCO7609-S,No Yet Cataloged,IOS,c7600s72033-advipservicesk9-mz.122-33.SRE6
Red Técnica Móvil,10.67.98.129,RT02TRIM,BOGOTA,CISCO7609-S,No Yet Cataloged,IOS,c7600rsp72043-adventerprisek9-mz.153-3.S6
Red Técnica Móvil,192168134250,RT02VEN,Not Info Yet,CISCO7609,No Yet Cataloged,IOS,c7600s72033-adventerprisek9-mz.122-33.SRE9
Red Técnica Móvil,192168247252,RT03ALK,Not Info Yet,CISCO7609-S,No Yet Cataloged,IOS,c7600s72033-advipservicesk9-mz.122-33.SRC5
Red Técnica Móvil,192.168.56.252,RT03ARA,BOGOTA,CISCO7609,No Yet Cataloged,IOS,c7600s72033-adventerprisek9-mz.153-3.S6
Red Técnica Móvil,192168141249,RT03SIN,Not Info Yet,CISCO7609,No Yet Cataloged,IOS,c7600s72033-adventerprisek9-mz.153-3.S3
Red Técnica Móvil,192168240249,RT03VEN,Not Info Yet,CISCO7609-S,No Yet Cataloged,IOS,c7600s72033-adventerprisek9-mz.122-33.SRE9
Red Técnica Móvil,192168247253,RT04ALK,Not Info Yet,CISCO7609-S,No Yet Cataloged,IOS,c7600s72033-advipservicesk9-mz.122-33.SRC5
Red Técnica Móvil,192.168.56.253,RT04ARA,BOGOTA,CISCO7609,No Yet Cataloged,IOS,c7600s72033-adventerprisek9-mz.153-3.S6
Red Técnica Móvil,192168141250,RT04SIN,Not Info Yet,CISCO7609,No Yet Cataloged,IOS,c7600s72033-adventerprisek9-mz.153-3.S3
Red Técnica Móvil,192168240250,RT04VEN,Not Info Yet,CISCO7609-S,No Yet Cataloged,IOS,c7600s72033-adventerprisek9-mz.122-33.SRE9
Red Técnica Móvil,192168104105,SW_20ENERO_TEC_D,Not Info Yet,WS-C3750X-48,No Yet Cataloged,IOS,c3750e-universalk9npe-mz.150-1.SE3/c3750e-universalk9npe-mz.150-1.SE3
Red Técnica Móvil,192.168.104.94,SW_ALKARAWI_TEC_D,Not Info Yet,WS-C4507R+E,No Yet Cataloged,XE,cat4500e-universalk9.SPA.03.06.03.E.152-2.E3
Red Técnica Móvil,192.168.104.95,SW_ALKARAWI_TEC_E,Not Info Yet,WS-C4507R+E,No Yet Cataloged,XE,cat4500e-universalk9.SPA.03.06.03.E.152-2.E3
Red Técnica Móvil,192168104112,SW_FON_TEC_C_D,Not Info Yet,WS-C3750X-48,No Yet Cataloged,IOS,c3750e-universalk9npe-mz.150-1.SE3/c3750e-universalk9npe-mz.150-1.SE3
Red Técnica Móvil,10.56.29.10,SW_GBOIP_VAD_1,Not Info Yet,WS-C3560X-48,No Yet Cataloged,IOS,c3560e-universalk9-mz.122-55.SE3/c3560e-universalk9-mz.122-55.SE3
Red Técnica Móvil,10.68.39.2,SW_ING_TEC_IN_A,Not Info Yet,WS-C3750G-48TS,No Yet Cataloged,IOS,c3750-ipbasek9-mz.122-58.SE2
Red Técnica Móvil,192168104116,SW_INGENIO_TEC_F,Not Info Yet,WS-C4507R+E,No Yet Cataloged,XE,cat4500e-universalk9.SPA.03.06.03.E.152-2.E3
Red Técnica Móvil,10.64.60.53,SW_SANDVINE_A,Not Info Yet,WS-C3750G-12S,No Yet Cataloged,IOS,c3750-ipbasek9-mz.122-55.SE11
Red Técnica Móvil,10.64.60.54,SW_SANDVINE_B,Not Info Yet,WS-C3750G-12S,No Yet Cataloged,IOS,c3750-ipbasek9-mz.122-55.SE11
Red Técnica Móvil,192168177227,SW_SATELITAL_VEN_B,Not Info Yet,WS-C3750X-48,No Yet Cataloged,IOS,c3750e-universalk9npe-mz.150-1.SE3/c3750e-universalk9npe-mz.150-1.SE3
Red Técnica Móvil,10.64.8.163,SW_TER_GPRS_VEN_P1,Not Info Yet,WS-C3750X-48,No Yet Cataloged,IOS,c3750e-ipbasek9-mz.150-2.SE10a
Red Técnica Móvil,10.67.37.69,SW_TRI_TEC_D,Not Info Yet,WS-C4507R+E,No Yet Cataloged,XE,cat4500e-universalk9.SPA.03.04.06.SG.151-2.SG6
Red Técnica Móvil,10.67.37.70,SW_TRI_TEC_E,Not Info Yet,WS-C4507R+E,No Yet Cataloged,XE,cat4500e-universalk9.SPA.03.04.06.SG.151-2.SG6
Red Técnica Móvil,10.67.102.10,SW01GPRSTRI,Not Info Yet,WS-C3750G-12S,No Yet Cataloged,IOS,c3750-ipservicesk9-mz.122-55.SE10
Red Técnica Móvil,192.168.104.88,SW01TEC_DIST_MED,Not Info Yet,WS-C3750X-48,No Yet Cataloged,IOS,c3750e-universalk9npe-mz.150-1.SE3/c3750e-universalk9npe-mz.150-1.SE3
Red Técnica Móvil,10.67.102.11,SW02GPRSTRI,Not Info Yet,WS-C3750G-12S,No Yet Cataloged,IOS,c3750-ipservicesk9-mz.122-55.SE10
Red Técnica Móvil,10.10.110.254,SW1TURBACO,Not Info Yet,WS-C3650-24TS,No Yet Cataloged,XE,"(CAT3K_CAA-UNIVERSALK9-M), Version 03.06.06E"
Red Técnica Móvil,10.10.110.253,SW2TURBACO,Not Info Yet,WS-C2960X-24TD-L,No Yet Cataloged,IOS,c2960x-universalk9-mz.152-4.E6
Red Técnica Móvil,192168104123,System,Not Info Yet,NCS-5001,No Yet Cataloged,XR,6.6.3
Red Técnica Móvil,192168104124,System,Not Info Yet,NCS-5001,No Yet Cataloged,XR,6.6.3
